id,name,email,age,signup_date,country,is_active,subscription_planve,last_login,balance
1,Helsa Riches,hriches0@blinklist.com,90,12/12/2021,United States,true,Premium,03/26/2025,187
2,Charo Munton,cmunton1@mayoclinic.com,58,01/03/2020,China,false,Free,08/05/2022,673
3,Emelen Frisby,efrisby2@hao123.com,54,03/31/2023,China,true,Free,11/03/2023,8539
4,Amalita Keyworth,akeyworth3@bbb.org,96,08/19/2024,Paraguay,false,Basic,02/18/2024,9334
5,Shell Eytel,seytel4@soup.io,95,08/05/2024,Poland,false,Free,11/30/2023,5518
6,Wynny Presdie,wpresdie5@gov.uk,98,05/09/2025,Canada,true,Premium,04/13/2025,6214
7,Fremont Stockley,fstockley6@gravatar.com,66,10/24/2024,Thailand,false,Free,06/09/2021,3456
8,Francis Crosthwaite,fcrosthwaite7@livejournal.com,87,09/01/2024,China,false,Free,06/02/2022,2197
9,Sheeree Francello,sfrancello8@boston.com,97,05/02/2023,China,false,Free,12/10/2025,2153
10,Ariella Brabbs,abrabbs9@jugem.jp,88,09/15/2020,Peru,false,Free,11/08/2022,8028
11,Eolanda Thouless,ethoulessa@bloomberg.com,73,04/22/2025,Malaysia,false,Premium,07/03/2025,9809
12,Sofie Rioch,sriochb@addtoany.com,84,12/28/2021,China,false,Free,06/06/2022,6863
13,Clarissa Paddle,cpaddlec@xing.com,53,10/25/2023,China,true,Premium,12/09/2025,6616
14,Esme Godson,egodsond@cnet.com,62,07/19/2020,Sweden,true,Basic,10/27/2020,2266
15,Wynny Harrisson,wharrissone@pcworld.com,100,12/29/2024,Poland,false,Premium,07/05/2021,1907
16,Denis Krojn,dkrojnf@ft.com,45,04/07/2025,Czech Republic,false,Free,01/27/2023,3677
17,Jeana Foddy,jfoddyg@ed.gov,68,03/26/2025,Poland,true,Basic,08/02/2024,4158
18,Claudine deKnevet,cdekneveth@admin.ch,99,01/31/2021,Czech Republic,true,Free,07/13/2020,4368
19,Donica Swaden,dswadeni@webeden.co.uk,52,07/16/2022,China,false,Basic,03/08/2023,5674
20,Jamie Posen,jposenj@t.co,73,05/31/2022,Philippines,false,Free,03/11/2025,7355
21,Rudy Lockery,rlockeryk@addthis.com,71,05/06/2023,Macedonia,false,Free,06/08/2021,444
22,Sean Little,slittlel@narod.ru,36,02/02/2025,Bahamas,false,Premium,05/04/2023,1659
23,Belita Iwanczyk,biwanczykm@cbc.ca,28,03/31/2020,Finland,false,Basic,08/05/2025,828
24,Haze Thackham,hthackhamn@naver.com,51,11/02/2024,New Caledonia,true,Basic,04/17/2024,4610
25,Adamo Treffry,atreffryo@adobe.com,72,06/11/2022,China,true,Premium,03/25/2022,7106
26,Arlyne Lowings,alowingsp@netvibes.com,43,03/01/2023,China,true,Basic,09/19/2025,5157
27,Agustin Inker,ainkerq@amazon.co.jp,50,08/28/2022,South Korea,false,Premium,08/02/2024,5544
28,Fielding Clamp,fclampr@fotki.com,20,10/20/2021,China,true,Free,09/21/2022,4372
29,Cassy Appleton,cappletons@kickstarter.com,95,07/09/2023,China,false,Basic,11/28/2025,6403
30,Sher Chesher,scheshert@weibo.com,71,12/01/2021,Indonesia,true,Free,05/25/2024,3539
31,Alyce Dunn,adunnu@samsung.com,46,07/07/2024,Philippines,false,Free,07/14/2025,2392
32,Carolyn Pawfoot,cpawfootv@newsvine.com,68,08/19/2025,Tanzania,false,Basic,09/16/2023,7181
33,Hyacinth Holtaway,hholtawayw@liveinternet.ru,67,05/16/2023,China,true,Premium,12/18/2021,3318
34,Ardyce Sopp,asoppx@economist.com,87,12/02/2024,Mexico,true,Free,08/08/2020,9267
35,Edward McVrone,emcvroney@prlog.org,20,03/17/2022,Nigeria,true,Basic,12/12/2021,620
36,Pen Ketchaside,pketchasidez@archive.org,92,03/24/2021,Kazakhstan,true,Basic,10/03/2024,5219
37,Demetris Barbrook,dbarbrook10@nydailynews.com,47,11/12/2025,Peru,false,Free,06/06/2024,9424
38,Elinor Rodliff,erodliff11@yellowpages.com,32,02/17/2021,Brazil,true,Premium,11/03/2023,9044
39,Bartolomeo Crown,bcrown12@gmpg.org,12,05/20/2023,Denmark,false,Basic,05/29/2025,8076
40,Homere Eagleston,heagleston13@dagondesign.com,41,03/07/2024,Portugal,true,Basic,07/19/2020,6665
41,Merry Rittelmeyer,mrittelmeyer14@soundcloud.com,64,05/20/2024,France,true,Free,07/25/2025,4920
42,Vonny Gheerhaert,vgheerhaert15@gizmodo.com,23,01/26/2021,China,true,Premium,07/31/2025,6820
43,Marcella Feldon,mfeldon16@squarespace.com,13,09/03/2022,Indonesia,true,Free,07/25/2024,8386
44,Janean Wilde,jwilde17@ovh.net,49,10/16/2020,China,true,Free,02/04/2024,7394
45,Antin Aspden,aaspden18@wikispaces.com,35,04/27/2024,Germany,true,Premium,07/17/2021,8829
46,Eugine Abbis,eabbis19@twitpic.com,87,10/29/2025,Sweden,false,Premium,09/17/2022,3571
47,Tobit Guppie,tguppie1a@over-blog.com,17,08/21/2021,Czech Republic,true,Free,11/27/2020,3298
48,Kyla Pierrepont,kpierrepont1b@etsy.com,37,05/02/2023,Brazil,false,Premium,10/07/2025,7190
49,Sheffie Bohan,sbohan1c@buzzfeed.com,61,09/16/2022,Israel,false,Basic,10/21/2021,6178
50,Happy Edmondson,hedmondson1d@ebay.com,54,08/15/2023,Indonesia,false,Free,06/03/2021,5611
51,Innis Van den Hof,ivan1e@indiatimes.com,70,12/23/2021,Thailand,true,Premium,04/28/2023,4606
52,Nikolaus Flindall,nflindall1f@reddit.com,69,09/16/2020,China,false,Premium,02/29/2024,2175
53,Wallis Sockell,wsockell1g@mac.com,27,10/25/2024,Colombia,true,Basic,03/26/2022,3452
54,Gates Lyddiatt,glyddiatt1h@pbs.org,50,04/06/2020,Poland,true,Premium,10/25/2020,6043
55,Anna Harborow,aharborow1i@uol.com.br,23,03/20/2021,United States,true,Basic,05/01/2023,2334
56,Devi Sivior,dsivior1j@freewebs.com,27,11/24/2023,Indonesia,false,Premium,06/01/2020,1194
57,Leigha Hamel,lhamel1k@webs.com,37,02/23/2021,Poland,false,Basic,06/21/2025,9050
58,Jaquelin Champney,jchampney1l@china.com.cn,28,07/07/2021,Russia,true,Basic,04/23/2025,7598
59,Jandy Devaney,jdevaney1m@umich.edu,36,08/14/2021,Indonesia,true,Premium,02/15/2024,3782
60,Ferrel Yelland,fyelland1n@list-manage.com,78,04/28/2023,Greece,true,Basic,07/15/2025,5641
61,Cornie Aronstein,caronstein1o@redcross.org,66,12/22/2022,France,true,Free,10/16/2023,1069
62,Luise Pierpoint,lpierpoint1p@gov.uk,67,03/28/2021,Moldova,false,Premium,08/01/2023,3070
63,Nicolina Lilly,nlilly1q@harvard.edu,30,02/17/2020,Japan,true,Basic,09/16/2024,4800
64,Cecily Easman,ceasman1r@acquirethisname.com,56,02/25/2023,Malaysia,false,Premium,10/01/2021,616
65,Teresita Mulford,tmulford1s@apple.com,41,05/24/2022,Brazil,true,Premium,12/26/2025,2595
66,Guglielma Coatman,gcoatman1t@bloomberg.com,30,06/06/2020,Syria,false,Free,11/04/2025,1521
67,Pearline Kluge,pkluge1u@mayoclinic.com,73,04/15/2024,China,false,Premium,01/07/2024,9183
68,Theressa Corradetti,tcorradetti1v@salon.com,25,05/23/2023,Thailand,true,Free,02/09/2024,6766
69,Earvin Petofi,epetofi1w@xing.com,55,09/23/2022,China,false,Premium,05/15/2025,895
70,Dulcinea Houldin,dhouldin1x@e-recht24.de,35,07/13/2025,Ethiopia,false,Basic,07/05/2020,5201
71,Nanette Jope,njope1y@joomla.org,20,03/24/2023,Russia,false,Free,09/06/2021,4708
72,Wyatan Skea,wskea1z@cdbaby.com,84,05/24/2021,Kazakhstan,true,Premium,02/17/2020,2096
73,Rahel Gerardin,rgerardin20@acquirethisname.com,63,10/20/2023,Vietnam,true,Premium,09/27/2020,5035
74,Merola Attril,mattril21@toplist.cz,17,06/27/2025,Czech Republic,true,Free,04/12/2023,9706
75,Carmita Brogden,cbrogden22@deliciousdays.com,63,01/25/2020,Canada,true,Premium,05/27/2023,3491
76,Poppy Union,punion23@spiegel.de,19,07/17/2024,France,true,Premium,04/02/2022,5147
77,Concettina Gazzard,cgazzard24@reuters.com,22,11/07/2020,Colombia,false,Basic,04/07/2022,2006
78,Jarrid Olijve,jolijve25@alibaba.com,68,09/26/2020,China,false,Basic,07/10/2020,9406
79,Elissa Franz,efranz26@google.co.uk,63,03/25/2023,Ivory Coast,false,Free,10/12/2022,6300
80,Barth Aherne,baherne27@ovh.net,15,07/12/2021,Italy,false,Basic,05/14/2024,4823
81,Francine Rendall,frendall28@baidu.com,78,08/03/2023,Philippines,false,Premium,06/07/2021,9886
82,Ramsay O' Finan,ro29@nba.com,44,04/15/2024,Russia,true,Basic,01/17/2023,9164
83,Genovera Wapple,gwapple2a@wisc.edu,31,07/23/2020,Philippines,true,Free,10/29/2024,3534
84,Dav By,dby2b@prweb.com,79,05/02/2025,China,true,Premium,04/30/2023,5253
85,Babette De Beneditti,bde2c@live.com,34,03/20/2025,Portugal,false,Free,03/18/2025,2972
86,Berny Dullaghan,bdullaghan2d@biglobe.ne.jp,96,11/06/2021,Greece,true,Basic,09/15/2020,8396
87,Merrily Liptrot,mliptrot2e@edublogs.org,86,08/17/2022,South Africa,true,Free,04/28/2023,810
88,Danya Worrall,dworrall2f@ezinearticles.com,24,05/10/2023,Russia,true,Free,02/25/2021,5517
89,Lira Allett,lallett2g@themeforest.net,60,12/12/2025,Canada,false,Free,04/15/2022,977
90,Renado Raw,rraw2h@mapy.cz,70,12/19/2023,India,false,Premium,05/09/2024,6715
91,Evered Tappor,etappor2i@storify.com,19,07/18/2020,Brazil,true,Free,04/14/2022,1533
92,Shel Senogles,ssenogles2j@umn.edu,46,04/26/2021,Indonesia,false,Premium,01/08/2021,7036
93,Iggy Crilley,icrilley2k@auda.org.au,28,11/21/2022,Indonesia,false,Premium,02/04/2024,6958
94,Eleanore Dykas,edykas2l@ox.ac.uk,23,09/05/2022,China,false,Free,08/08/2024,6417
95,Gherardo Booij,gbooij2m@wordpress.org,86,02/14/2024,Philippines,false,Basic,09/19/2023,1307
96,Laryssa Trodden,ltrodden2n@amazon.co.jp,43,05/16/2025,Sweden,true,Basic,11/17/2024,5920
97,Demetra Roman,droman2o@globo.com,17,08/20/2022,China,false,Free,08/08/2025,913
98,Katharina Grain,kgrain2p@comsenz.com,22,11/16/2020,China,false,Premium,03/18/2025,6114
99,Rochette Mathias,rmathias2q@msu.edu,50,05/01/2021,Russia,false,Free,12/01/2022,8395
100,Dari Blankman,dblankman2r@about.me,73,11/09/2023,Madagascar,true,Basic,02/17/2020,9776
101,Korie Leat,kleat2s@earthlink.net,42,01/10/2020,Philippines,true,Premium,08/13/2023,7168
102,Sonny Evill,sevill2t@technorati.com,52,07/26/2020,Nigeria,true,Free,05/26/2021,5026
103,Farrah Heaford,fheaford2u@drupal.org,41,06/25/2024,China,false,Free,09/07/2020,5037
104,Jaymie Stagge,jstagge2v@wikispaces.com,83,01/08/2024,Philippines,true,Premium,07/09/2020,4456
105,Aaron Walcar,awalcar2w@reuters.com,14,05/29/2020,Greece,false,Basic,04/20/2025,2256
106,Evvie Naisbitt,enaisbitt2x@washington.edu,71,08/03/2025,Brazil,true,Basic,04/25/2020,9543
107,Cirstoforo Kiebes,ckiebes2y@nyu.edu,36,07/25/2022,China,false,Basic,07/03/2024,6622
108,Ali Egdal,aegdal2z@amazon.de,15,11/27/2024,Portugal,true,Free,12/10/2020,5636
109,Archibaldo Josifovitz,ajosifovitz30@biglobe.ne.jp,61,04/25/2023,Ireland,true,Free,08/02/2023,6396
110,Constantine Speechly,cspeechly31@blogs.com,79,03/29/2021,Czech Republic,false,Premium,11/21/2024,8005
111,Maisie Abbe,mabbe32@engadget.com,91,11/07/2022,Afghanistan,false,Basic,12/27/2021,9382
112,Ralina Wildblood,rwildblood33@nationalgeographic.com,80,09/26/2022,Brazil,true,Free,09/19/2022,793
113,Laverna Maplestone,lmaplestone34@princeton.edu,43,07/23/2025,Indonesia,true,Basic,01/22/2021,1132
114,Venita McLinden,vmclinden35@mozilla.org,47,01/30/2022,Indonesia,false,Free,11/13/2021,3806
115,Concordia Cutriss,ccutriss36@youtube.com,56,02/23/2022,Philippines,true,Free,09/29/2022,138
116,Sabra Louis,slouis37@discovery.com,20,11/10/2022,Norway,false,Premium,03/04/2020,1971
117,Adriano Standley,astandley38@ebay.co.uk,38,08/09/2023,Brazil,true,Basic,07/27/2022,1097
118,Daniele Cron,dcron39@oakley.com,22,04/03/2021,Iraq,true,Basic,08/15/2020,975
119,Honoria Saberton,hsaberton3a@stumbleupon.com,96,01/20/2024,Brazil,false,Premium,08/18/2020,7765
120,Virgilio Goom,vgoom3b@engadget.com,66,10/21/2020,China,false,Premium,10/02/2023,9466
121,Shawna McGarel,smcgarel3c@t.co,40,09/21/2024,Czech Republic,true,Basic,05/02/2021,135
122,Vail Passey,vpassey3d@umn.edu,24,04/24/2024,Honduras,false,Basic,11/20/2021,856
123,Germana Clive,gclive3e@chronoengine.com,57,12/08/2020,Sweden,true,Premium,04/17/2024,7805
124,Jordon Basillon,jbasillon3f@imgur.com,64,05/19/2021,Russia,true,Basic,11/11/2021,7323
125,Melesa Vennart,mvennart3g@berkeley.edu,76,10/29/2022,China,false,Basic,07/26/2022,2218
126,Gus Gormally,ggormally3h@mit.edu,96,07/24/2021,China,true,Basic,06/13/2024,3312
127,Gabriele Gavan,ggavan3i@timesonline.co.uk,65,08/10/2025,Ecuador,false,Free,11/13/2021,6518
128,Wynny Godfray,wgodfray3j@nsw.gov.au,59,10/23/2025,Russia,true,Basic,05/06/2025,6076
129,Judie Beswell,jbeswell3k@quantcast.com,57,04/01/2021,China,true,Free,11/12/2021,3606
130,Wanids Germaine,wgermaine3l@spiegel.de,64,07/22/2024,Croatia,false,Free,01/22/2024,309
131,Erin Konmann,ekonmann3m@china.com.cn,55,09/18/2021,China,true,Free,06/25/2023,7260
132,Aveline Colisbe,acolisbe3n@sbwire.com,78,01/08/2023,Indonesia,false,Basic,06/01/2024,3527
133,Pancho Baber,pbaber3o@usgs.gov,82,09/16/2021,China,true,Basic,02/14/2020,2822
134,Leila Hovel,lhovel3p@aol.com,44,10/09/2024,Indonesia,false,Basic,02/13/2020,3161
135,Lemuel M'Chirrie,lmchirrie3q@archive.org,39,12/10/2025,Argentina,true,Basic,02/07/2021,6730
136,Mikael Davidovitz,mdavidovitz3r@surveymonkey.com,54,09/24/2020,Indonesia,true,Basic,11/28/2025,1440
137,Paulette Couche,pcouche3s@dropbox.com,71,12/12/2023,United States,true,Free,05/17/2022,5272
138,Gunner Axon,gaxon3t@studiopress.com,56,08/02/2023,South Africa,true,Free,04/17/2020,7626
139,Novelia Sheeres,nsheeres3u@nsw.gov.au,44,12/08/2025,Peru,false,Free,08/16/2020,3402
140,Jasmin Giblin,jgiblin3v@cbsnews.com,30,04/13/2025,Indonesia,true,Basic,05/05/2023,7363
141,Paxton Mochar,pmochar3w@goo.ne.jp,71,11/17/2025,Czech Republic,true,Premium,01/22/2022,2361
142,Stormy Barnhart,sbarnhart3x@bandcamp.com,21,07/31/2021,China,true,Basic,02/18/2025,1438
143,Vivie Cheshir,vcheshir3y@shinystat.com,96,11/09/2023,Lebanon,false,Premium,04/10/2020,8878
144,Tuesday Salvati,tsalvati3z@usda.gov,30,05/17/2025,Peru,true,Basic,11/19/2025,8927
145,Shelley Dolley,sdolley40@yelp.com,38,02/01/2020,Peru,false,Premium,04/14/2023,2823
146,Frasquito Banbrigge,fbanbrigge41@123-reg.co.uk,53,09/23/2020,Sri Lanka,true,Free,03/18/2024,4232
147,Lizbeth Copson,lcopson42@arstechnica.com,99,10/13/2022,Peru,true,Free,12/04/2022,3090
148,Truda Nuccii,tnuccii43@theguardian.com,97,07/23/2020,Brazil,true,Basic,07/29/2022,2676
149,Maurise McBrearty,mmcbrearty44@ox.ac.uk,36,01/21/2020,Brazil,false,Premium,02/17/2024,7056
150,Kristan Allcroft,kallcroft45@blog.com,100,07/03/2025,Palestinian Territory,true,Basic,09/15/2022,981
151,Jessa Duffil,jduffil46@usnews.com,51,04/19/2022,Peru,true,Free,04/28/2023,4888
152,Briano Nanuccioi,bnanuccioi47@admin.ch,36,08/15/2025,France,true,Premium,06/21/2023,9451
153,Hy Moat,hmoat48@eventbrite.com,86,06/13/2022,China,false,Free,10/08/2022,2900
154,Harbert Mackness,hmackness49@addthis.com,34,12/11/2024,North Korea,true,Free,08/17/2020,7416
155,Everett Castell,ecastell4a@lycos.com,63,02/04/2025,Germany,false,Free,12/13/2020,8704
156,Phaedra Rubinlicht,prubinlicht4b@booking.com,68,03/11/2020,Greece,false,Premium,03/03/2020,9417
157,Dave Pietroni,dpietroni4c@soup.io,55,02/27/2022,Venezuela,true,Premium,05/03/2023,3796
158,Clair Fetter,cfetter4d@myspace.com,75,08/28/2024,France,false,Basic,08/26/2021,532
159,Ailsun Lantry,alantry4e@nba.com,77,02/10/2024,Czech Republic,false,Basic,08/20/2022,3685
160,Dacy Causbey,dcausbey4f@umich.edu,85,12/02/2024,Serbia,true,Premium,06/18/2020,10
161,Sophronia Lodevick,slodevick4g@samsung.com,75,10/23/2020,Paraguay,false,Free,11/20/2021,6582
162,Dorise Goldsby,dgoldsby4h@ibm.com,62,03/29/2023,China,false,Premium,09/29/2025,9770
163,Kissie Gaudon,kgaudon4i@xinhuanet.com,62,12/07/2023,Yemen,false,Basic,08/02/2022,2482
164,Alika Scamel,ascamel4j@themeforest.net,63,03/17/2021,Denmark,true,Premium,01/22/2022,7619
165,Gayel Saleway,gsaleway4k@oaic.gov.au,30,02/02/2025,China,false,Basic,09/06/2020,2142
166,Faina Port,fport4l@163.com,60,05/09/2021,China,true,Premium,10/23/2020,4961
167,Ashlen Campelli,acampelli4m@netvibes.com,28,08/31/2024,Portugal,true,Basic,10/04/2020,898
168,Ilsa Greave,igreave4n@wired.com,75,04/26/2021,Netherlands,true,Free,04/19/2020,6688
169,Tabbitha Zapater,tzapater4o@infoseek.co.jp,17,04/15/2022,Bosnia and Herzegovina,true,Basic,05/21/2020,3543
170,Letti MacColm,lmaccolm4p@last.fm,65,07/23/2025,Poland,true,Basic,11/22/2020,4296
171,Modestine Joron,mjoron4q@merriam-webster.com,15,03/06/2021,China,true,Free,08/06/2024,1243
172,Otis Wadlow,owadlow4r@samsung.com,61,05/02/2021,Ukraine,true,Free,01/28/2024,9126
173,Jethro Goodie,jgoodie4s@posterous.com,52,04/21/2023,Russia,true,Premium,04/15/2024,9420
174,Eugene Carlick,ecarlick4t@friendfeed.com,78,07/17/2024,Czech Republic,false,Premium,05/03/2020,787
175,Perren Ferrar,pferrar4u@multiply.com,39,07/22/2020,Egypt,false,Basic,09/03/2024,6058
176,Kareem Tuttle,ktuttle4v@jugem.jp,37,03/18/2023,Brazil,false,Free,11/04/2023,584
177,Edouard Matthisson,ematthisson4w@nasa.gov,42,07/02/2025,East Timor,false,Premium,09/13/2025,2024
178,Lay Paz,lpaz4x@nationalgeographic.com,51,03/10/2024,Lithuania,true,Free,09/22/2022,187
179,Sol Hawkin,shawkin4y@tumblr.com,77,07/17/2020,China,false,Premium,04/21/2022,6953
180,Flint Grayne,fgrayne4z@jiathis.com,66,08/27/2020,Morocco,false,Premium,03/22/2025,9984
181,Audre Tringham,atringham50@technorati.com,19,06/19/2021,Iran,false,Free,11/06/2024,7571
182,Lilli Dible,ldible51@opensource.org,61,12/09/2023,Vietnam,false,Basic,06/23/2020,4577
183,Michelina Hounsom,mhounsom52@google.com.br,95,09/06/2024,Poland,true,Free,12/20/2025,8931
184,Steven Woodus,swoodus53@patch.com,76,09/26/2024,China,true,Basic,05/20/2021,8971
185,Paco Daniele,pdaniele54@51.la,34,03/10/2022,Madagascar,true,Basic,07/27/2025,3285
186,Zebulon Bourley,zbourley55@livejournal.com,88,02/25/2024,Poland,true,Premium,04/04/2022,1459
187,Emili Ellaman,eellaman56@photobucket.com,27,03/18/2023,Cameroon,true,Basic,12/07/2023,3888
188,Mariya Jahncke,mjahncke57@weebly.com,70,01/10/2024,Indonesia,false,Basic,11/07/2024,3642
189,Gawen Vermer,gvermer58@vkontakte.ru,27,05/23/2023,China,true,Free,01/08/2021,2742
190,Pat Conrath,pconrath59@vk.com,75,08/18/2025,South Africa,false,Basic,10/27/2022,4678
191,Bing Seydlitz,bseydlitz5a@vinaora.com,57,02/25/2020,Egypt,false,Premium,09/20/2023,3055
192,Abey Aldam,aaldam5b@odnoklassniki.ru,20,12/01/2020,United Kingdom,false,Basic,08/19/2023,3223
193,Nolly Koche,nkoche5c@about.com,38,11/12/2023,China,true,Premium,01/24/2021,387
194,Elton O'Sharkey,eosharkey5d@github.io,13,10/22/2021,Thailand,true,Premium,04/02/2021,6019
195,Niall Sockell,nsockell5e@surveymonkey.com,70,08/25/2024,Ethiopia,true,Basic,07/02/2021,6931
196,Curtis Pesselt,cpesselt5f@canalblog.com,31,10/10/2020,Myanmar,false,Basic,08/20/2020,6375
197,Skip Stainer,sstainer5g@furl.net,25,10/04/2025,Russia,false,Basic,05/05/2020,1920
198,Benjy Copp,bcopp5h@spiegel.de,55,08/28/2020,Indonesia,false,Basic,05/17/2024,1738
199,Kizzie Brawley,kbrawley5i@yale.edu,83,09/28/2022,Indonesia,false,Free,05/16/2025,1211
200,Inglebert Championnet,ichampionnet5j@spiegel.de,100,01/04/2022,Indonesia,true,Basic,06/20/2024,922
201,Maximilianus Coull,mcoull5k@w3.org,76,01/26/2020,China,true,Basic,06/03/2021,7016
202,Carlyn Bassford,cbassford5l@angelfire.com,54,05/22/2023,Russia,false,Basic,08/14/2022,3234
203,Johnathon MacNelly,jmacnelly5m@nymag.com,94,03/29/2020,Philippines,false,Free,03/10/2021,8144
204,Ursala Pittendreigh,upittendreigh5n@techcrunch.com,43,02/08/2024,Indonesia,false,Premium,01/19/2021,6127
205,Bethina Martynka,bmartynka5o@nydailynews.com,25,06/02/2020,Poland,false,Free,11/05/2024,171
206,Bradford Wanstall,bwanstall5p@free.fr,62,04/01/2020,China,false,Free,12/27/2022,2728
207,Ralina Wolters,rwolters5q@domainmarket.com,34,06/27/2020,Indonesia,false,Free,04/07/2024,535
208,Gisella Kineton,gkineton5r@apache.org,83,11/16/2023,Nigeria,false,Basic,03/06/2023,806
209,Cris Quincey,cquincey5s@bravesites.com,38,05/20/2021,Qatar,false,Basic,07/09/2023,3267
210,Danny Buddles,dbuddles5t@photobucket.com,75,06/24/2024,Serbia,true,Basic,03/03/2020,2482
211,Gannie Tomaino,gtomaino5u@craigslist.org,30,03/11/2025,China,true,Basic,01/25/2020,7755
212,Tadeo McLarnon,tmclarnon5v@telegraph.co.uk,14,10/23/2021,Indonesia,false,Basic,09/30/2023,7999
213,Minny McGookin,mmcgookin5w@ft.com,85,12/05/2020,Philippines,true,Basic,08/15/2020,3681
214,Ted Fardon,tfardon5x@vk.com,58,04/30/2023,Ukraine,true,Free,08/26/2021,1013
215,Tammy Wintle,twintle5y@blogger.com,100,06/12/2020,France,false,Premium,09/24/2022,2496
216,Katrine Ransbury,kransbury5z@dmoz.org,20,02/15/2021,Indonesia,true,Free,05/08/2023,5149
217,Jaynell Banaszkiewicz,jbanaszkiewicz60@skyrock.com,52,02/25/2025,Macedonia,false,Basic,12/28/2024,1460
218,Rubi Armour,rarmour61@flavors.me,46,01/28/2020,France,true,Basic,03/22/2021,5009
219,Joey Gilliard,jgilliard62@angelfire.com,59,02/12/2021,Nigeria,true,Basic,01/23/2025,6496
220,Shelby Overel,soverel63@theguardian.com,66,10/03/2024,China,true,Basic,08/06/2025,919
221,Danica Creed,dcreed64@bandcamp.com,85,11/08/2020,Sweden,true,Free,03/08/2023,7839
222,Joya Manby,jmanby65@histats.com,30,09/05/2021,Sudan,false,Premium,10/13/2022,3507
223,Lissi Macilhench,lmacilhench66@multiply.com,95,03/18/2022,Sweden,false,Free,03/13/2025,5027
224,Paco Stannett,pstannett67@altervista.org,72,05/16/2022,China,false,Basic,10/02/2022,4184
225,Jojo Cool,jcool68@facebook.com,18,11/14/2022,Portugal,false,Free,04/11/2024,2806
226,Kelcey Speaks,kspeaks69@google.ru,81,01/27/2024,China,true,Free,09/02/2022,4518
227,Andres Lount,alount6a@businessweek.com,68,06/07/2020,Indonesia,true,Premium,05/31/2025,7009
228,Harley Gazey,hgazey6b@baidu.com,63,03/13/2021,Ukraine,false,Premium,04/16/2022,246
229,Hank Hun,hhun6c@blogs.com,25,06/21/2021,Czech Republic,true,Premium,07/12/2025,9125
230,Alric Goskar,agoskar6d@myspace.com,87,03/04/2025,Brazil,false,Premium,10/01/2024,508
231,Bennett Baurerich,bbaurerich6e@elegantthemes.com,34,03/24/2021,Panama,true,Premium,01/19/2023,3711
232,Greggory Bulleyn,gbulleyn6f@tuttocitta.it,50,11/18/2022,Greece,false,Premium,12/11/2020,9648
233,Diane-marie Spaight,dspaight6g@topsy.com,53,01/04/2020,Slovenia,true,Premium,02/02/2021,9722
234,Susana Winmill,swinmill6h@nba.com,22,05/10/2025,Denmark,false,Basic,06/03/2025,7848
235,Jamesy Iacobucci,jiacobucci6i@cdbaby.com,76,03/28/2025,Nepal,true,Free,07/31/2024,7831
236,Marietta Petre,mpetre6j@mit.edu,52,11/14/2022,Russia,false,Basic,07/18/2020,1932
237,Dorthy Hinkensen,dhinkensen6k@fotki.com,80,10/12/2025,Slovenia,false,Free,07/06/2021,3718
238,Frazier Kohrsen,fkohrsen6l@dot.gov,71,11/21/2023,Indonesia,true,Free,04/27/2025,3734
239,Correna Matyushenko,cmatyushenko6m@pbs.org,16,03/21/2023,Indonesia,true,Basic,03/20/2021,2253
240,Marillin Skiggs,mskiggs6n@cpanel.net,85,08/22/2023,Poland,false,Free,07/27/2025,1371
241,Brett Hepher,bhepher6o@usgs.gov,52,04/29/2024,Indonesia,false,Basic,01/20/2024,7625
242,Simone McMorran,smcmorran6p@hexun.com,49,04/27/2022,Peru,true,Free,06/16/2024,249
243,Patricio Chern,pchern6q@wiley.com,16,01/10/2022,Indonesia,true,Free,06/19/2021,5061
244,Sheppard Challenor,schallenor6r@ocn.ne.jp,63,05/29/2020,Colombia,false,Basic,08/25/2021,6640
245,Claresta Rewbottom,crewbottom6s@plala.or.jp,57,11/09/2022,China,false,Free,06/29/2023,6433
246,Lila Diess,ldiess6t@tamu.edu,86,04/24/2024,China,true,Free,02/02/2022,9628
247,Isa Basili,ibasili6u@pen.io,82,02/25/2020,Tanzania,true,Basic,10/11/2020,3375
248,Kile Rarity,krarity6v@answers.com,37,01/26/2021,Portugal,false,Free,12/27/2022,9917
249,Adolph Gane,agane6w@java.com,59,08/03/2021,China,true,Premium,12/12/2025,9390
250,Granthem Maggi,gmaggi6x@gnu.org,96,07/05/2021,Azerbaijan,false,Premium,07/23/2022,4427
251,Waneta Jaggli,wjaggli6y@blogs.com,56,07/14/2022,Sweden,false,Free,09/05/2022,5502
252,Leia Nower,lnower6z@netscape.com,49,03/01/2020,Indonesia,true,Basic,12/25/2022,7576
253,Olympie Brient,obrient70@redcross.org,88,10/04/2024,China,false,Basic,01/19/2020,7373
254,Steward Derry,sderry71@google.de,78,06/17/2023,China,false,Basic,03/14/2020,4769
255,Aylmer Gipson,agipson72@washingtonpost.com,38,08/06/2021,Lithuania,false,Free,03/18/2021,4738
256,Jocelin Kuzma,jkuzma73@epa.gov,64,10/29/2020,Indonesia,false,Free,08/21/2023,4665
257,Heloise Petzolt,hpetzolt74@ifeng.com,67,11/27/2022,China,true,Premium,09/09/2024,1492
258,Cassondra Silcock,csilcock75@samsung.com,72,12/25/2021,Indonesia,true,Premium,02/03/2024,5126
259,Ilaire McReedy,imcreedy76@ted.com,41,11/13/2023,Indonesia,true,Free,11/25/2023,6854
260,Rodrigo Elderfield,relderfield77@ox.ac.uk,71,02/16/2025,Peru,true,Free,02/12/2020,2553
261,Viva Kemery,vkemery78@fc2.com,52,06/28/2022,Venezuela,true,Premium,05/30/2024,1671
262,Bar Witherop,bwitherop79@npr.org,22,06/15/2023,Russia,false,Free,08/15/2020,8414
263,Goraud Haney,ghaney7a@cisco.com,58,04/10/2022,Thailand,false,Premium,07/17/2024,1592
264,Jade Riccioppo,jriccioppo7b@redcross.org,69,08/24/2024,France,false,Free,11/15/2022,5885
265,Cherri Noblett,cnoblett7c@mac.com,73,03/22/2021,China,false,Premium,11/02/2021,8422
266,Consalve Perri,cperri7d@businessweek.com,95,03/29/2020,Finland,false,Free,06/21/2024,6619
267,Julietta Geoghegan,jgeoghegan7e@sitemeter.com,85,11/26/2024,Thailand,true,Basic,06/30/2022,5146
268,Bertram Taylerson,btaylerson7f@indiatimes.com,73,08/10/2020,Yemen,true,Free,01/31/2020,2742
269,Hugo Chapier,hchapier7g@printfriendly.com,37,10/14/2023,Thailand,true,Free,09/24/2025,1058
270,Tades Grealy,tgrealy7h@hugedomains.com,48,01/24/2023,China,false,Basic,02/10/2023,549
271,Meridel Redolfi,mredolfi7i@smh.com.au,43,09/22/2023,Colombia,false,Premium,09/12/2024,885
272,Archibald Castiblanco,acastiblanco7j@privacy.gov.au,32,03/28/2021,China,true,Free,05/22/2023,8834
273,Loralie Courtois,lcourtois7k@surveymonkey.com,37,08/16/2023,China,false,Basic,08/20/2024,9413
274,Dahlia Morales,dmorales7l@rakuten.co.jp,31,03/03/2025,Philippines,false,Free,09/04/2025,9657
275,Milty Heifer,mheifer7m@comcast.net,44,04/25/2020,Armenia,false,Free,03/19/2024,9007
276,Baudoin Gergher,bgergher7n@howstuffworks.com,65,03/17/2022,Guatemala,true,Free,07/26/2025,2487
277,Gracia Karpov,gkarpov7o@prlog.org,75,05/01/2024,China,true,Free,04/04/2025,8851
278,Gerek Djurdjevic,gdjurdjevic7p@webnode.com,28,04/18/2024,Malaysia,true,Premium,06/04/2024,2381
279,Carolan Tong,ctong7q@cafepress.com,78,05/27/2021,Russia,false,Premium,05/05/2025,214
280,Randie Malham,rmalham7r@techcrunch.com,80,12/25/2020,China,false,Basic,06/18/2022,7238
281,Sully Skirrow,sskirrow7s@printfriendly.com,64,10/21/2024,Syria,false,Basic,07/07/2020,9280
282,Rodolph Stanyer,rstanyer7t@mashable.com,95,09/22/2025,Colombia,true,Basic,12/11/2021,2497
283,Dayna Telega,dtelega7u@japanpost.jp,58,01/03/2023,Syria,true,Free,04/18/2022,8366
284,Pedro Have,phave7v@craigslist.org,99,06/14/2020,Sweden,false,Basic,04/15/2024,9537
285,Tobi Clissold,tclissold7w@google.fr,64,11/28/2022,Peru,false,Free,12/05/2024,6567
286,Joannes Simoncello,jsimoncello7x@t-online.de,20,08/01/2024,Ivory Coast,true,Free,05/01/2020,7445
287,Ettore Sigart,esigart7y@meetup.com,30,06/09/2020,Iceland,false,Basic,04/16/2021,2209
288,Shana Consadine,sconsadine7z@samsung.com,79,07/06/2024,Thailand,true,Free,01/11/2020,1871
289,Carolynn Braybrooks,cbraybrooks80@cnet.com,19,04/21/2020,China,true,Premium,05/07/2023,302
290,Guglielmo Jacqueme,gjacqueme81@de.vu,25,01/05/2022,Brazil,true,Free,10/10/2022,701
291,Klemens McGibbon,kmcgibbon82@printfriendly.com,33,01/28/2023,Philippines,true,Free,05/28/2021,6689
292,Vitia Etienne,vetienne83@bizjournals.com,43,09/21/2021,Thailand,false,Basic,02/04/2025,8244
293,Beau Abson,babson84@privacy.gov.au,91,09/24/2022,Portugal,true,Free,05/27/2023,6652
294,Franklin Zealey,fzealey85@taobao.com,55,03/19/2020,Czech Republic,false,Premium,04/25/2021,2023
295,Jewel Beeswing,jbeeswing86@guardian.co.uk,17,05/21/2021,Ecuador,true,Free,01/21/2021,9272
296,Meggie Summerson,msummerson87@google.cn,94,03/02/2021,Taiwan,true,Basic,12/30/2020,3083
297,Cass Koubu,ckoubu88@reference.com,48,05/09/2021,Mongolia,true,Free,11/10/2025,3123
298,Pieter Guillard,pguillard89@oakley.com,58,08/27/2025,Thailand,true,Basic,04/11/2024,571
299,Wadsworth Baldwin,wbaldwin8a@biglobe.ne.jp,46,02/01/2020,Japan,false,Premium,04/09/2020,1792
300,Leona Domnin,ldomnin8b@slashdot.org,43,05/11/2020,Poland,false,Basic,09/04/2025,5145
301,Denys Searston,dsearston8c@smugmug.com,49,01/04/2025,Indonesia,true,Basic,08/26/2020,488
302,Maure Marie,mmarie8d@zdnet.com,21,03/28/2023,Palestinian Territory,false,Premium,01/08/2022,1292
303,Skipper Pavel,spavel8e@reference.com,39,03/29/2020,South Africa,false,Free,11/05/2022,1391
304,Harriott Donan,hdonan8f@cpanel.net,32,02/19/2025,Palestinian Territory,false,Free,03/31/2024,1359
305,Courtnay Lortzing,clortzing8g@hostgator.com,39,04/03/2023,Bangladesh,true,Free,11/20/2020,2109
306,Pris Grellis,pgrellis8h@paginegialle.it,92,05/25/2025,Brazil,true,Basic,09/30/2020,5864
307,Karlee Bushen,kbushen8i@symantec.com,84,10/01/2022,Russia,true,Basic,05/26/2025,2803
308,Arlen Maber,amaber8j@time.com,39,12/14/2023,Russia,false,Premium,06/04/2021,9661
309,Sapphire Asson,sasson8k@tuttocitta.it,86,03/04/2024,Belarus,true,Premium,07/01/2025,5550
310,Laurette Tolchard,ltolchard8l@eventbrite.com,83,07/09/2025,Brazil,true,Free,03/26/2025,8949
311,Calley Minci,cminci8m@hud.gov,22,01/28/2022,Sweden,false,Free,08/18/2025,4376
312,Tiphany Pinching,tpinching8n@java.com,96,07/25/2020,China,false,Free,12/26/2021,6846
313,Annice Batisse,abatisse8o@nifty.com,14,04/10/2025,China,true,Basic,10/29/2023,7511
314,Dorita Locarno,dlocarno8p@furl.net,37,08/12/2023,Philippines,true,Basic,11/29/2024,2293
315,Sydney Honnicott,shonnicott8q@lulu.com,32,10/29/2021,Ireland,true,Free,10/11/2020,2154
316,Emilee Minthorpe,eminthorpe8r@ibm.com,84,08/22/2022,Thailand,false,Free,03/13/2020,3527
317,Land Gunningham,lgunningham8s@scientificamerican.com,27,12/31/2020,China,false,Free,11/18/2024,2388
318,Barron Pender,bpender8t@behance.net,17,02/13/2021,Bosnia and Herzegovina,false,Basic,06/08/2021,3828
319,Mureil Plumm,mplumm8u@foxnews.com,90,01/08/2020,Luxembourg,true,Free,07/23/2021,6289
320,Saunderson Tayloe,stayloe8v@slashdot.org,63,09/03/2021,Greece,true,Free,09/14/2022,4754
321,Bent Peiser,bpeiser8w@skype.com,67,08/11/2023,Indonesia,true,Free,06/04/2020,9131
322,Aguste Rooze,arooze8x@xinhuanet.com,68,07/12/2025,Philippines,false,Basic,07/23/2024,6099
323,Herman Paulazzi,hpaulazzi8y@sitemeter.com,54,12/02/2024,Indonesia,false,Basic,09/13/2021,8256
324,Davida Spawton,dspawton8z@patch.com,25,02/06/2023,France,true,Premium,06/27/2023,2448
325,Judas Rue,jrue90@cdc.gov,100,11/12/2024,Portugal,true,Free,05/17/2024,2706
326,Darius Nairy,dnairy91@wiley.com,86,12/20/2024,Mexico,false,Basic,02/08/2024,1019
327,Vickie Kydde,vkydde92@soup.io,81,08/23/2020,Russia,false,Basic,04/11/2025,2215
328,Ollie Shakespeare,oshakespeare93@freewebs.com,18,08/01/2020,China,true,Basic,02/27/2024,4401
329,Idette Peggrem,ipeggrem94@comsenz.com,15,09/28/2021,Belarus,false,Free,08/11/2020,3380
330,Colly Mashal,cmashal95@businesswire.com,25,02/13/2021,Haiti,false,Basic,03/28/2021,2187
331,Harv Ioselev,hioselev96@msn.com,56,12/28/2025,Russia,false,Basic,12/13/2021,2997
332,Lani Farley,lfarley97@slate.com,79,03/01/2020,Central African Republic,false,Free,05/04/2025,3814
333,Cammie Cliff,ccliff98@addtoany.com,63,05/19/2025,Cuba,false,Premium,06/30/2022,7772
334,Georgetta Woodworth,gwoodworth99@wordpress.org,29,04/26/2023,Czech Republic,false,Premium,01/08/2022,2921
335,Hebert Stedmond,hstedmond9a@acquirethisname.com,40,09/16/2020,Slovenia,true,Premium,09/14/2025,203
336,Dennet Vyse,dvyse9b@toplist.cz,76,12/02/2020,Brazil,false,Free,08/19/2025,5386
337,Athena Weir,aweir9c@dropbox.com,31,07/21/2023,Philippines,false,Free,08/12/2024,7257
338,Cheslie Saddington,csaddington9d@slideshare.net,97,03/24/2023,Cuba,true,Free,07/26/2024,6277
339,Angy Smerdon,asmerdon9e@tiny.cc,100,08/02/2022,Norway,true,Premium,01/29/2025,3595
340,Hesther Kleyn,hkleyn9f@un.org,65,06/10/2025,Sweden,false,Basic,12/29/2020,7229
341,Stevy Rendall,srendall9g@cargocollective.com,74,05/07/2023,Philippines,false,Free,06/09/2022,2257
342,Inglebert Spofford,ispofford9h@un.org,66,06/04/2021,Spain,true,Basic,02/21/2022,7875
343,Noak McKeney,nmckeney9i@squarespace.com,80,10/22/2023,Indonesia,true,Basic,09/04/2022,5081
344,Wade Steely,wsteely9j@deviantart.com,15,07/19/2025,Philippines,true,Basic,10/20/2021,9173
345,Lorelle Keggins,lkeggins9k@people.com.cn,95,10/18/2022,Indonesia,true,Basic,07/03/2020,9945
346,Marcile Phelipeau,mphelipeau9l@theguardian.com,50,01/25/2023,China,false,Premium,08/17/2025,2090
347,Remington Tackley,rtackley9m@topsy.com,51,09/24/2024,Poland,false,Free,04/15/2023,218
348,Viki Sims,vsims9n@bbc.co.uk,26,07/14/2021,Indonesia,false,Basic,09/28/2021,3574
349,Gordon Alsobrook,galsobrook9o@yolasite.com,84,07/03/2022,Canada,true,Free,08/19/2025,9736
350,Benoite Paulsen,bpaulsen9p@huffingtonpost.com,78,12/22/2025,Poland,true,Premium,08/16/2022,1017
351,Matthiew Killigrew,mkilligrew9q@hao123.com,90,03/07/2025,Saudi Arabia,false,Basic,05/21/2024,4424
352,Darwin Ferenczy,dferenczy9r@shinystat.com,100,10/22/2022,Jamaica,true,Free,03/13/2021,9351
353,Susi Kaesmakers,skaesmakers9s@narod.ru,29,03/06/2022,Ukraine,false,Free,07/26/2022,2315
354,Jenna Gorghetto,jgorghetto9t@tinyurl.com,98,05/16/2020,Russia,false,Free,05/07/2024,7266
355,Timotheus Lowthorpe,tlowthorpe9u@geocities.com,15,08/01/2021,Spain,true,Basic,06/24/2022,360
356,Nari Koche,nkoche9v@scribd.com,65,04/13/2024,China,false,Basic,05/28/2023,217
357,Aurel Passe,apasse9w@dailymail.co.uk,37,11/10/2022,Niger,true,Basic,07/26/2025,9226
358,Ramonda Bumford,rbumford9x@java.com,24,03/13/2022,China,true,Basic,07/10/2021,4825
359,Dov Rimington,drimington9y@comsenz.com,53,12/06/2021,Sweden,false,Premium,06/14/2023,5374
360,Cindy Warin,cwarin9z@howstuffworks.com,86,12/25/2021,China,false,Free,11/06/2025,8301
361,Genevra Howells,ghowellsa0@mediafire.com,25,06/16/2020,Taiwan,true,Basic,02/13/2020,9942
362,Ransom Baseggio,rbaseggioa1@vinaora.com,20,06/12/2020,Thailand,true,Premium,01/22/2025,2900
363,Joann Conroy,jconroya2@unc.edu,53,09/12/2025,New Caledonia,true,Free,06/02/2025,8719
364,Marris Zammett,mzammetta3@wiley.com,49,04/06/2022,United States,true,Free,05/16/2020,844
365,Tony Nussen,tnussena4@merriam-webster.com,99,03/20/2022,Madagascar,false,Premium,05/20/2022,8023
366,Dredi Chretien,dchretiena5@ezinearticles.com,18,08/31/2023,Philippines,true,Free,08/12/2020,6586
367,Archambault Bobasch,abobascha6@sphinn.com,63,09/30/2025,Czech Republic,true,Free,02/05/2020,4898
368,Ruby Roddick,rroddicka7@naver.com,16,01/17/2023,Indonesia,true,Free,02/20/2025,6805
369,Yovonnda Chene,ychenea8@howstuffworks.com,75,12/03/2025,Poland,false,Free,11/29/2022,9084
370,Adorne Ayer,aayera9@woothemes.com,72,03/21/2025,China,false,Basic,03/11/2024,331
371,Emmanuel Filoniere,efiloniereaa@google.com.hk,49,02/12/2022,Malaysia,false,Free,07/16/2024,203
372,Tynan Pettingall,tpettingallab@java.com,25,07/13/2025,Japan,true,Premium,06/17/2025,951
373,Lesley Gadault,lgadaultac@google.ca,52,11/06/2023,Indonesia,false,Basic,12/19/2024,7302
374,Ravid Glassford,rglassfordad@wikipedia.org,70,03/14/2021,Spain,true,Free,01/09/2025,9146
375,Susanne De Ruggero,sdeae@discuz.net,47,12/17/2022,Colombia,false,Premium,02/15/2025,7912
376,Osmund Newlin,onewlinaf@prlog.org,44,07/31/2023,Poland,false,Basic,06/28/2025,9277
377,Lauritz Gosneye,lgosneyeag@wix.com,52,05/22/2022,China,true,Basic,08/02/2021,9570
378,Farris Gonthier,fgonthierah@printfriendly.com,70,07/03/2025,China,false,Basic,07/01/2022,3643
379,Teodoor Bertolaccini,tbertolacciniai@weebly.com,70,08/17/2022,United States,true,Premium,03/21/2025,4068
380,Jeddy Sawkins,jsawkinsaj@yahoo.co.jp,17,12/24/2023,China,false,Basic,01/27/2022,109
381,Garold Lording,glordingak@ucsd.edu,87,11/15/2020,Poland,true,Premium,10/24/2021,1553
382,Orbadiah Hannis,ohannisal@accuweather.com,67,08/03/2025,Slovenia,false,Free,04/01/2025,8974
383,Frannie Mawhinney,fmawhinneyam@guardian.co.uk,75,03/04/2021,Peru,true,Free,08/25/2025,8764
384,Lynda Pude,lpudean@taobao.com,47,07/08/2025,Colombia,true,Premium,09/06/2020,4727
385,Fair Macura,fmacuraao@bing.com,55,08/18/2021,Russia,false,Basic,05/26/2025,1625
386,Calypso Lashmore,clashmoreap@booking.com,74,07/08/2024,China,false,Basic,05/11/2021,318
387,Benedick Delacroux,bdelacrouxaq@gnu.org,100,01/26/2025,Argentina,false,Premium,01/30/2023,3582
388,Kameko Leversuch,kleversuchar@webeden.co.uk,21,09/10/2024,China,true,Basic,02/21/2021,4785
389,Roxanne Hiers,rhiersas@ucsd.edu,100,04/17/2023,China,true,Premium,07/26/2025,3267
390,Symon Stirrup,sstirrupat@wisc.edu,42,07/16/2024,Malaysia,false,Free,03/05/2020,2288
391,Tracy Stroyan,tstroyanau@timesonline.co.uk,59,10/24/2023,China,false,Premium,03/03/2025,6407
392,Shayne Karchowski,skarchowskiav@jigsy.com,54,10/02/2024,Poland,false,Free,02/24/2022,2546
393,Berti MacAindreis,bmacaindreisaw@noaa.gov,86,05/21/2024,Finland,false,Premium,09/08/2025,7305
394,Agnes Shorland,ashorlandax@sourceforge.net,78,12/25/2021,Poland,true,Basic,12/06/2021,4830
395,Wenona McKee,wmckeeay@narod.ru,60,06/09/2023,China,true,Free,02/09/2022,4166
396,Benyamin Aleswell,baleswellaz@ftc.gov,52,02/26/2020,China,true,Premium,02/08/2021,6895
397,Paddy Vigus,pvigusb0@taobao.com,96,03/23/2023,Nigeria,true,Free,11/18/2024,4020
398,Zilvia Ribbon,zribbonb1@g.co,78,05/14/2022,Philippines,true,Basic,02/04/2021,7383
399,Ailee Silvester,asilvesterb2@dion.ne.jp,18,01/09/2022,Brazil,true,Basic,04/04/2024,2200
400,Leodora Ogilvy,logilvyb3@vkontakte.ru,46,01/06/2020,Portugal,false,Premium,11/28/2023,3119
401,Humberto Scone,hsconeb4@technorati.com,94,01/25/2020,Japan,false,Basic,03/17/2025,7308
402,Matty Jarrette,mjarretteb5@squidoo.com,58,03/06/2023,Indonesia,false,Basic,08/15/2023,8343
403,Evangelin Bohan,ebohanb6@w3.org,74,10/20/2024,Peru,true,Premium,03/20/2022,2623
404,Ignaz Riden,iridenb7@census.gov,99,04/26/2025,Indonesia,false,Basic,08/04/2021,6063
405,Alyse Hazelgreave,ahazelgreaveb8@noaa.gov,92,02/28/2023,Malaysia,false,Basic,06/18/2020,5936
406,Carroll Goldes,cgoldesb9@senate.gov,29,04/06/2023,China,true,Premium,02/06/2024,8589
407,Liliane Turfs,lturfsba@surveymonkey.com,88,03/20/2024,Canada,true,Basic,09/14/2024,2299
408,Rog Brimelow,rbrimelowbb@wordpress.com,20,12/10/2024,Guatemala,false,Free,03/07/2024,2491
409,Correna Lardge,clardgebc@skyrock.com,92,12/02/2022,Indonesia,true,Free,12/16/2025,9754
410,Bailie Ewell,bewellbd@irs.gov,77,02/18/2022,Costa Rica,true,Free,11/24/2025,8151
411,Kylen Ardley,kardleybe@mtv.com,83,05/29/2021,Sweden,true,Free,01/30/2021,1892
412,Percival Hurling,phurlingbf@miitbeian.gov.cn,42,07/28/2020,Argentina,true,Free,11/22/2020,4096
413,Heather Tume,htumebg@utexas.edu,66,07/26/2020,China,false,Free,08/19/2025,7371
414,Parsifal Sutherland,psutherlandbh@alexa.com,16,01/10/2025,Brazil,true,Basic,06/01/2024,3565
415,Lorri O'Dea,lodeabi@ifeng.com,29,06/08/2023,United Kingdom,false,Free,03/09/2020,7782
416,Emmalynn Richmond,erichmondbj@hexun.com,33,12/06/2025,Colombia,true,Basic,10/01/2024,3923
417,Jaye Sarre,jsarrebk@europa.eu,60,08/20/2023,China,true,Basic,06/02/2020,9191
418,Benedicta Norres,bnorresbl@ustream.tv,99,04/30/2022,Greece,true,Basic,10/29/2023,2281
419,Abagael Melrose,amelrosebm@youku.com,43,01/17/2024,China,false,Free,07/22/2021,6619
420,Cathyleen Bloschke,cbloschkebn@fda.gov,43,10/23/2024,China,true,Free,10/09/2025,6456
421,Desdemona Crim,dcrimbo@people.com.cn,73,09/03/2020,China,true,Premium,02/16/2021,9146
422,Kort Struther,kstrutherbp@flickr.com,46,05/06/2022,Thailand,true,Basic,09/21/2023,3264
423,Larisa Sawfoot,lsawfootbq@flavors.me,25,10/13/2020,Indonesia,true,Free,08/05/2022,3959
424,Rogerio Nairy,rnairybr@blinklist.com,57,01/08/2025,Thailand,true,Premium,04/13/2025,9399
425,Marylinda Crawley,mcrawleybs@ted.com,28,07/04/2023,Sweden,true,Premium,07/11/2025,1583
426,Lezlie Connelly,lconnellybt@japanpost.jp,37,12/01/2025,China,false,Basic,07/15/2020,1108
427,Astra Rosenfeld,arosenfeldbu@ucla.edu,81,07/09/2025,Russia,true,Basic,10/13/2025,6852
428,Berna Jodrelle,bjodrellebv@multiply.com,40,05/25/2024,Sweden,false,Free,01/26/2022,1832
429,Otha Brenstuhl,obrenstuhlbw@unicef.org,70,09/29/2025,Malaysia,true,Premium,06/18/2022,6296
430,Norma Yashunin,nyashuninbx@google.com.hk,86,04/21/2023,Denmark,true,Premium,04/22/2022,2832
431,Bryana Banker,bbankerby@list-manage.com,94,01/26/2021,Ecuador,true,Basic,09/20/2022,650
432,Pamela Ciric,pciricbz@tumblr.com,77,09/24/2024,Brazil,false,Basic,01/18/2022,3053
433,Tim Ronnay,tronnayc0@pagesperso-orange.fr,85,10/14/2022,Colombia,false,Basic,11/29/2024,2527
434,Celestyna Petch,cpetchc1@china.com.cn,20,09/25/2022,Indonesia,false,Free,10/22/2025,9730
435,Elise Wooland,ewoolandc2@omniture.com,89,02/11/2025,China,false,Premium,11/22/2024,4748
436,Elsinore Aguirre,eaguirrec3@goo.gl,83,10/09/2020,France,true,Premium,10/12/2022,2496
437,Hurley Scheu,hscheuc4@gizmodo.com,92,02/09/2021,China,false,Free,03/28/2023,8302
438,Germana Tenwick,gtenwickc5@cornell.edu,92,04/22/2022,China,false,Premium,03/25/2023,9608
439,Emory Doelle,edoellec6@wisc.edu,54,02/27/2024,China,true,Basic,12/13/2021,8400
440,Pamelina Ruusa,pruusac7@redcross.org,47,12/04/2020,Venezuela,true,Premium,12/04/2025,9934
441,Barbabas Semper,bsemperc8@jimdo.com,25,11/25/2025,China,false,Basic,01/01/2020,4401
442,Luciana Spottiswoode,lspottiswoodec9@a8.net,55,10/05/2022,Guatemala,true,Premium,09/09/2021,7414
443,Orson Lampitt,olampittca@aol.com,52,10/18/2020,Indonesia,false,Basic,08/04/2020,3600
444,Brannon Loffill,bloffillcb@tuttocitta.it,33,11/10/2023,Morocco,false,Basic,09/04/2024,9682
445,Kort Lie,kliecc@auda.org.au,77,04/27/2024,Brazil,true,Premium,10/27/2025,1515
446,Orella Pargent,opargentcd@statcounter.com,86,12/09/2022,China,true,Free,05/25/2022,5660
447,Angy Flaverty,aflavertyce@tripadvisor.com,65,04/30/2022,Greece,false,Free,05/06/2022,1961
448,Karee Springall,kspringallcf@nsw.gov.au,56,02/22/2023,Finland,false,Basic,07/31/2024,4449
449,Ozzie Damerell,odamerellcg@ucoz.com,19,07/07/2023,Germany,false,Basic,05/18/2024,225
450,Elsy Nanson,enansonch@cmu.edu,68,07/06/2024,Cuba,false,Free,08/12/2021,2795
451,Denney Leeson,dleesonci@apache.org,53,02/25/2020,Nigeria,false,Free,12/19/2024,8642
452,Maud Roughsedge,mroughsedgecj@imdb.com,37,10/16/2024,Tanzania,false,Basic,09/21/2022,6712
453,Randie Rainon,rrainonck@smugmug.com,63,01/13/2025,Brazil,false,Premium,11/22/2020,2069
454,Theressa Farley,tfarleycl@auda.org.au,81,11/25/2020,Ukraine,false,Free,01/21/2022,5932
455,Alvin Chaves,achavescm@spiegel.de,59,02/02/2022,Colombia,false,Basic,08/18/2021,4354
456,Riccardo McMurty,rmcmurtycn@plala.or.jp,95,06/03/2021,Indonesia,true,Basic,12/29/2025,9443
457,Merv Shulem,mshulemco@nymag.com,62,06/20/2022,Belarus,true,Basic,05/16/2025,8037
458,Diego Piotrkowski,dpiotrkowskicp@plala.or.jp,77,08/25/2021,Russia,false,Basic,11/27/2022,7306
459,Melisa Ettritch,mettritchcq@dailymail.co.uk,14,07/12/2023,Spain,true,Basic,10/06/2021,1517
460,Bobette Hancell,bhancellcr@china.com.cn,89,01/04/2024,Philippines,true,Free,05/09/2023,9608
461,Melosa Keely,mkeelycs@illinois.edu,97,07/22/2024,Brazil,false,Premium,02/14/2025,483
462,Donella Drakeford,ddrakefordct@smh.com.au,43,10/07/2022,China,false,Free,08/20/2021,6064
463,Chaunce Frounks,cfrounkscu@yellowpages.com,95,08/19/2023,China,true,Free,11/04/2023,8286
464,Austen Duffield,aduffieldcv@uiuc.edu,86,11/05/2022,China,true,Premium,05/06/2024,1011
465,Nora Neesam,nneesamcw@constantcontact.com,71,09/18/2023,Argentina,true,Premium,02/12/2024,3162
466,Ritchie Penn,rpenncx@bbb.org,25,11/19/2025,Montenegro,true,Free,11/24/2023,9899
467,Maximo Bestwall,mbestwallcy@marketwatch.com,42,05/02/2021,Norway,false,Premium,01/02/2025,9352
468,Aurthur Olivazzi,aolivazzicz@paypal.com,67,01/15/2021,China,false,Premium,11/19/2024,2041
469,Tamar Guitton,tguittond0@themeforest.net,78,10/17/2020,Czech Republic,true,Premium,05/07/2025,2960
470,Stinky MacIlriach,smacilriachd1@ted.com,57,06/27/2021,China,false,Premium,01/27/2023,4241
471,Bertrando Nehls,bnehlsd2@csmonitor.com,43,11/21/2022,Zimbabwe,true,Free,12/30/2023,9638
472,Barbara-anne Barrow,bbarrowd3@sciencedaily.com,76,01/02/2022,China,false,Free,07/27/2022,5536
473,Franciska Beasley,fbeasleyd4@earthlink.net,57,07/31/2022,Indonesia,true,Premium,11/09/2024,5515
474,Reese Moles,rmolesd5@icq.com,38,09/05/2023,Poland,false,Premium,09/21/2022,1120
475,Sayres Ciabatteri,sciabatterid6@wired.com,83,03/29/2024,Brazil,true,Free,11/15/2025,6079
476,Maxi Cobbin,mcobbind7@myspace.com,53,09/23/2022,Laos,false,Premium,11/23/2020,5769
477,Ring Snodin,rsnodind8@amazon.de,60,05/11/2021,Colombia,true,Basic,03/16/2025,1730
478,Durante Zettoi,dzettoid9@github.io,65,08/27/2023,Tajikistan,true,Premium,03/07/2023,4854
479,Bobbee Bradwell,bbradwellda@mysql.com,91,11/05/2024,China,false,Free,08/29/2020,5285
480,Mariel Snartt,msnarttdb@ameblo.jp,71,04/15/2020,Bangladesh,true,Premium,04/18/2025,1107
481,Ivan Twatt,itwattdc@sakura.ne.jp,90,08/05/2022,Indonesia,true,Premium,11/03/2020,8779
482,Dacie Gelder,dgelderdd@bigcartel.com,87,12/26/2023,Indonesia,false,Basic,09/05/2025,934
483,Lianna Nicklin,lnicklinde@hhs.gov,33,03/27/2021,Thailand,false,Basic,01/28/2025,246
484,Marlowe Grishechkin,mgrishechkindf@examiner.com,97,02/27/2021,Germany,false,Free,10/28/2023,8333
485,Beatriz Grabham,bgrabhamdg@flavors.me,92,06/08/2021,Russia,true,Premium,05/01/2022,760
486,Nadia Monteaux,nmonteauxdh@chron.com,88,09/21/2022,Slovenia,true,Free,10/26/2024,7825
487,Orsa Joret,ojoretdi@sogou.com,25,06/06/2023,China,true,Basic,07/04/2022,966
488,Zane Abercrombie,zabercrombiedj@samsung.com,98,11/25/2020,Gambia,false,Premium,09/23/2021,4612
489,Welby Keyme,wkeymedk@yale.edu,36,10/26/2021,Slovenia,false,Premium,02/21/2022,7056
490,Jereme Lorence,jlorencedl@google.fr,84,02/04/2022,Czech Republic,true,Free,06/02/2021,3874
491,Felipe Gutsell,fgutselldm@epa.gov,66,11/17/2020,Russia,true,Basic,05/22/2024,9303
492,Julissa Rosenfeld,jrosenfelddn@fema.gov,27,01/28/2025,Russia,true,Basic,11/17/2020,517
493,Arman Rigate,arigatedo@nationalgeographic.com,78,12/08/2022,China,false,Premium,10/24/2023,248
494,Ruth Kornalik,rkornalikdp@i2i.jp,35,02/15/2021,Philippines,true,Basic,07/29/2020,5272
495,Jobie Spurrior,jspurriordq@nationalgeographic.com,19,04/06/2025,Argentina,false,Free,07/08/2021,3958
496,Leeland Cescoti,lcescotidr@illinois.edu,22,02/26/2025,Ukraine,false,Free,10/20/2024,9103
497,Aylmar Cottesford,acottesfordds@google.cn,70,12/22/2021,Dominican Republic,false,Free,02/23/2024,8170
498,Alasdair Adamczyk,aadamczykdt@twitter.com,38,09/03/2020,Egypt,false,Free,06/30/2021,5450
499,Shoshana Wemm,swemmdu@1688.com,48,09/18/2025,Poland,false,Premium,12/23/2021,4213
500,Laina Ainscow,lainscowdv@pen.io,15,03/11/2024,France,true,Premium,06/28/2021,6006
501,Edee Rocco,eroccodw@ehow.com,22,08/19/2022,China,true,Basic,03/11/2021,2649
502,Jeth Massenhove,jmassenhovedx@liveinternet.ru,51,06/08/2025,Russia,false,Premium,11/16/2022,9408
503,Garvy Konig,gkonigdy@cdc.gov,66,12/25/2025,Panama,true,Premium,06/07/2023,8980
504,Jsandye Prozillo,jprozillodz@uiuc.edu,96,06/25/2025,Indonesia,false,Premium,04/05/2024,7757
505,Kahaleel Hayden,khaydene0@timesonline.co.uk,65,12/17/2023,China,false,Free,11/28/2025,1902
506,Nannette Shilstone,nshilstonee1@homestead.com,21,01/01/2022,Peru,false,Basic,02/08/2025,8301
507,Damian Pollett,dpollette2@jigsy.com,94,04/21/2020,Indonesia,true,Basic,10/16/2023,5740
508,Lamont Guirard,lguirarde3@vinaora.com,98,09/08/2020,Albania,true,Basic,10/17/2023,4103
509,Lise Strewther,lstrewthere4@oakley.com,93,07/17/2022,Philippines,true,Basic,07/04/2022,6986
510,Giacopo Leimster,gleimstere5@intel.com,91,11/20/2023,Bolivia,true,Premium,08/16/2023,301
511,Yorgo Wallworke,ywallworkee6@tamu.edu,47,11/12/2024,Brazil,false,Basic,12/13/2023,2073
512,Giselbert Biddlestone,gbiddlestonee7@a8.net,48,10/08/2025,Poland,false,Basic,04/23/2020,3192
513,Chelsea Cordner,ccordnere8@omniture.com,84,07/16/2025,Tanzania,true,Premium,07/05/2023,7678
514,Ana Hantusch,ahantusche9@paypal.com,75,08/28/2023,Indonesia,true,Premium,05/20/2023,4427
515,Germaine Brislane,gbrislaneea@acquirethisname.com,97,02/21/2020,Vietnam,true,Premium,02/24/2024,9507
516,Linn Wonter,lwontereb@washingtonpost.com,90,05/28/2020,Indonesia,false,Basic,08/15/2024,3996
517,Marta Shewring,mshewringec@dot.gov,31,12/13/2024,Indonesia,false,Premium,11/29/2022,1098
518,Bryna Baldree,bbaldreeed@unesco.org,97,07/10/2023,United States,false,Free,02/06/2023,2171
519,Hale McMorran,hmcmorranee@theguardian.com,80,09/10/2024,United States,false,Premium,01/14/2020,2855
520,Kelli Balchin,kbalchinef@vk.com,44,08/04/2025,Thailand,false,Free,06/23/2024,2915
521,Niles Denis,ndeniseg@jalbum.net,49,11/26/2024,Netherlands,true,Basic,12/22/2020,489
522,Keenan Halliday,khallidayeh@nhs.uk,86,01/17/2024,Tunisia,true,Basic,02/23/2023,3266
523,Robyn O'Neal,ronealei@yahoo.co.jp,15,03/03/2023,Finland,false,Premium,09/12/2022,5513
524,Gertruda Cowperthwaite,gcowperthwaiteej@sun.com,34,03/29/2020,Pakistan,false,Premium,12/25/2025,6041
525,Lorna Baggott,lbaggottek@bizjournals.com,44,12/04/2021,Costa Rica,true,Premium,10/04/2020,8064
526,Trudie Camsey,tcamseyel@google.co.uk,37,04/24/2021,Indonesia,false,Basic,06/29/2023,9515
527,Kizzie Kiraly,kkiralyem@meetup.com,87,09/24/2023,China,false,Free,12/06/2020,5757
528,Gordie Gorton,ggortonen@google.es,37,07/09/2025,France,false,Basic,03/05/2022,9908
529,Myrtle Gaize,mgaizeeo@1und1.de,16,10/04/2024,Armenia,false,Free,05/02/2023,8774
530,Jewell Karpets,jkarpetsep@va.gov,66,01/17/2020,Indonesia,true,Free,01/25/2021,7821
531,Letitia Hubery,lhuberyeq@mapquest.com,89,09/05/2021,China,false,Free,07/01/2021,6812
532,Kylen Philipsohn,kphilipsohner@wired.com,65,06/22/2023,Portugal,false,Premium,03/30/2024,136
533,Denys MacCurtain,dmaccurtaines@shareasale.com,88,07/29/2023,China,false,Free,02/01/2020,8239
534,Chelsy Wrey,cwreyet@yellowpages.com,20,06/27/2024,Poland,false,Basic,05/16/2022,6120
535,Gavra Crossley,gcrossleyeu@yellowpages.com,42,01/01/2021,Russia,true,Basic,06/22/2021,942
536,Christiana Hoy,choyev@wikia.com,25,07/14/2021,Armenia,false,Free,06/21/2025,1662
537,Karie Pinching,kpinchingew@hibu.com,20,11/24/2024,Indonesia,false,Free,04/01/2025,8602
538,Yorke Turnor,yturnorex@wired.com,47,07/22/2021,Sweden,false,Free,03/12/2025,2530
539,Calli Sarfati,csarfatiey@msu.edu,18,08/03/2023,Poland,false,Free,02/19/2023,3667
540,Coriss Simo,csimoez@google.co.jp,48,03/17/2025,China,true,Premium,12/25/2024,8585
541,Nomi Burch,nburchf0@oracle.com,56,11/30/2022,Vietnam,true,Basic,10/25/2022,2186
542,Hersh Surr,hsurrf1@state.tx.us,95,06/24/2024,Indonesia,true,Premium,03/03/2025,9594
543,Livvy Edmott,ledmottf2@elegantthemes.com,39,05/13/2021,United States,true,Premium,04/13/2020,6912
544,Dunstan Cotmore,dcotmoref3@time.com,30,11/07/2022,Thailand,false,Basic,08/11/2022,6878
545,Margie McEvay,mmcevayf4@google.pl,15,03/24/2021,United States,true,Free,07/29/2022,1086
546,Rufus Curley,rcurleyf5@tamu.edu,52,06/02/2021,Russia,true,Basic,01/14/2020,4191
547,Sibyl Popland,spoplandf6@paypal.com,18,09/18/2025,Indonesia,true,Premium,10/07/2021,2935
548,Luisa Trouncer,ltrouncerf7@flavors.me,90,06/02/2022,China,true,Premium,12/14/2020,8034
549,Amelita Boothman,aboothmanf8@tinyurl.com,23,06/13/2020,Burkina Faso,false,Premium,11/14/2025,3366
550,Alfonse Ramsden,aramsdenf9@huffingtonpost.com,58,02/25/2023,Tanzania,true,Free,03/23/2022,7761
551,Dwayne Streeton,dstreetonfa@blogger.com,33,02/08/2025,Sweden,true,Free,05/31/2020,4698
552,Dianna Argue,darguefb@nba.com,30,11/16/2020,Russia,false,Basic,11/19/2025,1859
553,Sonnie Stangroom,sstangroomfc@tinyurl.com,81,08/12/2022,Burkina Faso,false,Premium,04/08/2025,2455
554,Shane Madgwick,smadgwickfd@example.com,88,04/15/2023,Mauritius,false,Free,12/27/2024,5151
555,Gusti Cuel,gcuelfe@ftc.gov,45,04/21/2021,Malaysia,true,Premium,06/23/2020,2241
556,Sallyann Kienzle,skienzleff@mit.edu,52,10/26/2022,Indonesia,false,Premium,12/21/2022,784
557,Merell Lissenden,mlissendenfg@cpanel.net,14,03/11/2024,Philippines,false,Basic,07/06/2024,6827
558,Ester Bonson,ebonsonfh@163.com,96,03/09/2024,Paraguay,true,Premium,05/07/2021,1718
559,Pattie Tonry,ptonryfi@imgur.com,59,12/04/2025,Indonesia,false,Basic,01/31/2024,2236
560,Vanya Van Schafflaer,vvanfj@merriam-webster.com,32,06/17/2024,Russia,true,Premium,04/29/2021,5207
561,Kiley Imm,kimmfk@freewebs.com,87,07/12/2022,China,true,Premium,08/22/2023,6898
562,Mordecai Kolczynski,mkolczynskifl@chron.com,63,02/25/2024,Indonesia,true,Free,09/09/2025,1569
563,Helene Nussen,hnussenfm@networkadvertising.org,40,03/16/2020,Thailand,true,Free,07/02/2021,5056
564,Norris Curnock,ncurnockfn@acquirethisname.com,42,07/21/2024,Argentina,true,Premium,09/11/2020,5254
565,Terrye Lembcke,tlembckefo@icq.com,36,12/24/2020,Laos,true,Basic,10/01/2022,4895
566,Tailor Gandey,tgandeyfp@etsy.com,37,05/13/2022,China,false,Free,10/05/2020,3638
567,Aimee Beever,abeeverfq@army.mil,52,12/10/2021,China,false,Premium,01/06/2022,3944
568,Ailsun Scraney,ascraneyfr@trellian.com,87,06/22/2020,China,false,Premium,01/04/2022,5009
569,Lilli Lowndsborough,llowndsboroughfs@weebly.com,83,08/04/2022,China,true,Basic,12/03/2021,9343
570,Ailbert Yeowell,ayeowellft@trellian.com,72,07/24/2020,Philippines,false,Free,06/02/2022,4114
571,Greer MacNaughton,gmacnaughtonfu@nyu.edu,80,11/22/2022,China,false,Basic,03/16/2022,4831
572,Lefty Dean,ldeanfv@mozilla.org,65,06/08/2024,Philippines,false,Free,12/07/2024,1547
573,Lishe Sedgwick,lsedgwickfw@vimeo.com,68,01/30/2022,Russia,false,Premium,06/15/2021,5605
574,Lyon Paladini,lpaladinifx@prnewswire.com,63,10/06/2021,Bosnia and Herzegovina,false,Free,01/18/2022,805
575,Bunny Cuffe,bcuffefy@technorati.com,62,05/17/2022,Indonesia,false,Free,08/07/2023,1195
576,Germayne Outerbridge,gouterbridgefz@bravesites.com,73,04/27/2025,Indonesia,false,Free,01/12/2021,240
577,Truman Tice,tticeg0@flickr.com,52,01/25/2020,Philippines,true,Basic,09/03/2023,6811
578,Alejandro Saint,asaintg1@cargocollective.com,15,07/23/2024,Nigeria,false,Basic,02/16/2021,9018
579,Shurlock Stoller,sstollerg2@amazon.com,29,03/16/2024,Venezuela,true,Premium,07/03/2023,2886
580,Milt Platfoot,mplatfootg3@timesonline.co.uk,28,04/25/2021,China,true,Premium,06/08/2023,1075
581,Adelheid Kesterton,akestertong4@last.fm,82,05/11/2024,Indonesia,true,Basic,04/03/2021,8925
582,Trish Simonazzi,tsimonazzig5@cbsnews.com,44,09/16/2023,Morocco,false,Basic,02/25/2020,7448
583,Euphemia Walding,ewaldingg6@unc.edu,78,10/30/2024,Portugal,true,Basic,04/29/2025,1242
584,Conrado Kettlesing,ckettlesingg7@shutterfly.com,21,10/14/2023,Philippines,true,Basic,04/01/2022,2807
585,Hoyt Culham,hculhamg8@myspace.com,72,12/04/2022,Indonesia,true,Premium,06/12/2020,8321
586,Roobbie Hinchcliffe,rhinchcliffeg9@disqus.com,49,02/18/2023,China,false,Free,09/19/2025,1934
587,Letti Agostini,lagostiniga@scribd.com,50,12/23/2022,Madagascar,false,Free,01/05/2025,2116
588,Gamaliel Falks,gfalksgb@youku.com,14,08/24/2021,Portugal,true,Premium,05/14/2022,662
589,Terry Scipsey,tscipseygc@paypal.com,65,05/24/2024,China,false,Basic,04/13/2023,1098
590,Marve MacLeod,mmacleodgd@multiply.com,28,12/29/2022,Philippines,true,Free,12/15/2025,2942
591,Rosamond Denkel,rdenkelge@mail.ru,81,10/09/2025,Russia,true,Free,09/08/2021,3728
592,Skipper Maren,smarengf@soundcloud.com,36,05/31/2024,Vietnam,true,Basic,09/02/2020,2068
593,Alisha Cardiff,acardiffgg@comcast.net,40,07/27/2022,Norway,false,Free,11/18/2021,594
594,Merrie Woolvett,mwoolvettgh@furl.net,73,03/14/2020,Bangladesh,true,Free,12/15/2025,25
595,Emmott Yankov,eyankovgi@pcworld.com,56,12/12/2022,Ukraine,true,Premium,10/17/2025,1696
596,Carey Lambden,clambdengj@wikia.com,29,04/23/2024,France,false,Free,02/22/2022,5768
597,Lee Pillans,lpillansgk@washingtonpost.com,19,06/20/2021,Guatemala,true,Free,03/11/2025,2948
598,Mirilla Duer,mduergl@flavors.me,35,03/08/2020,Canada,false,Free,11/02/2023,5364
599,Claude Simm,csimmgm@blogspot.com,61,12/22/2020,Indonesia,false,Free,08/08/2024,5792
600,Eric Lucock,elucockgn@over-blog.com,80,03/10/2022,Poland,false,Free,06/14/2025,1965
601,Moishe Gent,mgentgo@weather.com,81,04/18/2022,Philippines,true,Basic,02/10/2020,9714
602,Lindsay Garrals,lgarralsgp@businesswire.com,55,04/23/2020,Albania,false,Free,01/14/2020,3405
603,Gillian Helsdon,ghelsdongq@springer.com,66,01/26/2025,France,false,Free,08/21/2025,4502
604,Callie Graysmark,cgraysmarkgr@google.com.br,100,07/03/2024,Jordan,true,Basic,11/24/2025,6809
605,Kean Crowd,kcrowdgs@flickr.com,98,12/20/2023,Mexico,false,Basic,04/24/2024,8146
606,Vergil Cicero,vcicerogt@mac.com,85,01/17/2023,Armenia,true,Free,11/29/2020,7790
607,Legra McNellis,lmcnellisgu@php.net,25,11/20/2022,Portugal,true,Basic,04/03/2023,6034
608,Windham Beseke,wbesekegv@edublogs.org,84,01/25/2024,Palestinian Territory,false,Basic,01/31/2025,9809
609,Corette Guilloton,cguillotongw@reddit.com,23,04/13/2024,Peru,false,Basic,06/11/2025,2993
610,Abba Benns,abennsgx@altervista.org,43,05/21/2021,Poland,true,Premium,07/06/2024,2693
611,Byrom Piaggia,bpiaggiagy@statcounter.com,89,12/31/2023,Portugal,true,Basic,05/09/2022,3151
612,Caz Filliskirk,cfilliskirkgz@ted.com,57,11/07/2020,China,true,Premium,09/05/2020,4388
613,Mable Delgardo,mdelgardoh0@barnesandnoble.com,44,05/01/2025,Indonesia,false,Free,12/24/2020,9909
614,Tommie La Rosa,tlah1@hc360.com,41,12/29/2024,China,false,Free,04/06/2024,4545
615,Dorris Wiggington,dwiggingtonh2@uiuc.edu,97,11/03/2022,Mongolia,true,Basic,08/06/2020,9944
616,Corliss Gauntlett,cgauntletth3@dion.ne.jp,60,02/14/2023,Indonesia,true,Free,03/05/2021,7442
617,Jen Gare,jgareh4@tripadvisor.com,75,12/11/2025,Mexico,false,Premium,03/20/2022,4487
618,Brandtr Griggs,bgriggsh5@upenn.edu,15,04/29/2021,France,true,Premium,08/01/2024,1311
619,Herculie Maneylaws,hmaneylawsh6@technorati.com,25,03/17/2025,Indonesia,true,Basic,11/10/2020,5552
620,Ginny Tithacott,gtithacotth7@amazon.co.jp,47,07/25/2022,Kuwait,false,Free,02/25/2021,5870
621,Diann Filippov,dfilippovh8@whitehouse.gov,49,01/06/2024,Bulgaria,true,Basic,05/27/2021,8856
622,Rozamond Davall,rdavallh9@ocn.ne.jp,35,03/17/2025,Brazil,true,Free,12/04/2024,1420
623,Oran Carwithan,ocarwithanha@buzzfeed.com,42,06/16/2021,Portugal,true,Premium,12/31/2020,1990
624,Willabella Gammell,wgammellhb@mozilla.com,71,05/21/2023,Albania,false,Premium,08/03/2020,791
625,Madelin Benezet,mbenezethc@t.co,60,04/19/2022,Russia,false,Free,05/11/2023,3055
626,Annamaria Veillard,aveillardhd@xrea.com,46,10/15/2020,Portugal,false,Premium,12/05/2025,1959
627,Rosabel Damerell,rdamerellhe@elegantthemes.com,80,07/27/2021,Russia,true,Premium,04/07/2021,564
628,Willy Antonovic,wantonovichf@geocities.jp,40,01/13/2025,Philippines,true,Premium,11/22/2020,2412
629,Niko Moyce,nmoycehg@tinyurl.com,66,02/27/2024,Indonesia,true,Free,09/29/2022,8227
630,Cordi Boobyer,cboobyerhh@vkontakte.ru,92,03/12/2024,Poland,false,Basic,02/06/2025,3818
631,Adolph Jindra,ajindrahi@businessweek.com,47,10/13/2020,China,false,Basic,05/24/2024,4833
632,Niko Cawcutt,ncawcutthj@bloglovin.com,37,01/23/2021,Ivory Coast,true,Free,04/23/2025,802
633,Eryn Beelby,ebeelbyhk@icq.com,26,09/30/2021,China,true,Basic,11/29/2025,8246
634,Alphard Stenhouse,astenhousehl@uiuc.edu,49,01/03/2025,Greece,true,Basic,06/03/2021,3414
635,Alexis Hopfer,ahopferhm@alibaba.com,75,03/11/2020,Mexico,true,Free,09/25/2022,6485
636,Dorena Janikowski,djanikowskihn@livejournal.com,51,07/31/2021,Nepal,true,Basic,05/17/2024,4223
637,Roger Piggott,rpiggottho@archive.org,38,12/17/2021,Russia,false,Free,11/11/2023,7940
638,Elianora Heaslip,eheasliphp@geocities.jp,98,05/28/2020,United States,true,Premium,07/11/2020,1276
639,Stafford Bugge,sbuggehq@wiley.com,82,11/06/2022,South Africa,false,Free,01/23/2020,6858
640,Harcourt Prose,hprosehr@ibm.com,45,04/01/2023,Philippines,true,Basic,10/10/2020,136
641,Kiri Kingswell,kkingswellhs@apache.org,81,02/13/2025,Japan,false,Premium,03/17/2023,6649
642,Sayre Felgat,sfelgatht@lycos.com,22,07/15/2024,Albania,false,Premium,10/04/2025,9227
643,Elsbeth Berthot,eberthothu@cbsnews.com,73,10/21/2025,Brazil,true,Basic,03/18/2023,6468
644,Dorie Sellar,dsellarhv@artisteer.com,80,11/29/2024,Egypt,false,Free,12/15/2024,3751
645,Ysabel Whyberd,ywhyberdhw@state.tx.us,37,04/22/2024,Thailand,false,Premium,05/01/2025,9363
646,Brewer Moar,bmoarhx@sogou.com,69,04/27/2022,Ivory Coast,false,Premium,10/30/2021,2409
647,Abe McIlroy,amcilroyhy@msu.edu,18,02/17/2025,Azerbaijan,false,Premium,12/16/2024,6575
648,Gardie Gomme,ggommehz@mac.com,34,10/13/2024,Russia,false,Free,01/31/2022,2359
649,Wheeler Siderfin,wsiderfini0@desdev.cn,95,07/30/2023,Indonesia,true,Free,06/29/2024,8323
650,Stacy Chesterton,schestertoni1@wikipedia.org,65,04/11/2021,China,true,Free,04/17/2021,3487
651,Deidre Magnus,dmagnusi2@deviantart.com,57,10/01/2025,Australia,true,Premium,11/26/2025,3678
652,Farlee Ilyas,filyasi3@vinaora.com,76,05/06/2022,Russia,true,Free,08/19/2024,1883
653,Wood Castagneto,wcastagnetoi4@ft.com,54,12/07/2024,China,false,Free,07/29/2024,797
654,Wilek Totman,wtotmani5@wufoo.com,93,07/14/2025,Philippines,true,Free,10/08/2025,7687
655,Brandi Salkild,bsalkildi6@paypal.com,37,11/01/2024,Russia,true,Basic,11/03/2022,1350
656,Ardelis Gelling,agellingi7@vistaprint.com,44,03/08/2023,France,false,Free,02/28/2023,9853
657,Ardra Boldecke,aboldeckei8@wordpress.org,23,07/27/2025,Ukraine,false,Premium,11/15/2024,1697
658,Virgil Martinet,vmartineti9@businessinsider.com,77,06/08/2020,Sierra Leone,true,Basic,03/07/2024,1296
659,Jerrine Gervaise,jgervaiseia@bizjournals.com,29,11/21/2020,Colombia,true,Basic,07/15/2025,6162
660,Tirrell Cavell,tcavellib@mail.ru,62,10/12/2021,Philippines,true,Premium,01/11/2022,2058
661,Bev Salerg,bsalergic@tmall.com,45,08/29/2025,Thailand,false,Free,03/08/2020,4680
662,Braden Burns,bburnsid@youtube.com,75,08/10/2021,China,true,Premium,07/09/2024,3336
663,Francklyn Ciccoloi,fciccoloiie@netscape.com,42,04/15/2025,Russia,true,Basic,01/30/2024,7243
664,Margarete Bycraft,mbycraftif@g.co,100,07/09/2020,Poland,false,Free,06/05/2024,6267
665,Teodoor Branwhite,tbranwhiteig@yellowbook.com,81,03/05/2024,United Kingdom,false,Basic,06/04/2023,1452
666,Claudian Mico,cmicoih@uol.com.br,85,01/05/2025,Ukraine,false,Free,09/01/2020,7416
667,Cyrus MacKim,cmackimii@statcounter.com,82,08/03/2021,Kosovo,false,Basic,11/12/2025,2568
668,Dominga Westell,dwestellij@163.com,71,10/26/2020,Malaysia,true,Basic,12/29/2021,5497
669,Saunder Balsdon,sbalsdonik@sphinn.com,48,04/18/2020,Thailand,false,Premium,11/26/2023,6077
670,Luciana Siemantel,lsiemantelil@odnoklassniki.ru,72,08/17/2024,China,true,Free,06/19/2022,6644
671,Kaitlyn Lackmann,klackmannim@csmonitor.com,68,10/02/2024,Indonesia,true,Free,05/12/2025,7972
672,Georas Hoodless,ghoodlessin@ibm.com,37,03/24/2024,Indonesia,false,Premium,07/02/2022,2655
673,Norry Bispham,nbisphamio@msn.com,44,08/08/2022,Thailand,true,Free,09/14/2024,3690
674,Dasha Guttridge,dguttridgeip@spiegel.de,81,01/21/2025,Morocco,true,Basic,06/14/2022,5539
675,Karil Bignold,kbignoldiq@taobao.com,23,05/27/2021,Indonesia,false,Basic,12/24/2021,6466
676,Luciano Sanson,lsansonir@cornell.edu,61,05/24/2021,France,true,Free,02/04/2025,8925
677,Roxy Parrin,rparrinis@archive.org,13,08/12/2021,United States,true,Free,04/07/2025,3215
678,Hally Nevins,hnevinsit@sbwire.com,60,07/04/2025,Croatia,true,Premium,01/15/2024,2923
679,Timofei Saggs,tsaggsiu@elpais.com,29,03/12/2022,Greece,true,Free,06/08/2025,2075
680,Bald Gosart,bgosartiv@drupal.org,64,07/08/2022,Indonesia,true,Premium,04/12/2021,4962
681,Beale Kew,bkewiw@themeforest.net,91,05/10/2024,Guadeloupe,false,Free,03/30/2023,101
682,Brooke Cubley,bcubleyix@aboutads.info,60,04/29/2025,Japan,true,Premium,03/01/2025,9341
683,Klarika Bottomore,kbottomoreiy@tiny.cc,78,06/23/2022,Tanzania,true,Basic,02/01/2024,1366
684,Danell Shrieve,dshrieveiz@smugmug.com,29,06/20/2024,Sweden,false,Free,11/30/2024,294
685,Burke Binion,bbinionj0@tuttocitta.it,72,12/30/2023,Belarus,true,Free,03/07/2021,861
686,Agna Malloch,amallochj1@redcross.org,35,06/06/2020,Guatemala,true,Free,08/20/2021,6674
687,Reed Pettet,rpettetj2@reuters.com,55,05/04/2024,Russia,false,Basic,02/08/2024,2503
688,Bobbie Karlolak,bkarlolakj3@ucla.edu,16,08/27/2020,Ethiopia,true,Premium,06/10/2022,6066
689,Ailbert Pegrum,apegrumj4@cafepress.com,73,06/11/2025,Croatia,false,Premium,04/04/2025,3024
690,Agneta Huegett,ahuegettj5@biblegateway.com,94,03/28/2022,Philippines,false,Basic,04/19/2023,4809
691,Lynett Libby,llibbyj6@odnoklassniki.ru,43,09/06/2024,China,false,Basic,12/27/2022,1159
692,Paolina Ferre,pferrej7@wikimedia.org,58,05/23/2024,Ukraine,false,Free,08/21/2024,5202
693,Inge Mariyushkin,imariyushkinj8@google.com.br,13,10/19/2020,Philippines,false,Free,02/08/2025,4997
694,Pembroke Godfree,pgodfreej9@geocities.com,73,09/28/2023,Indonesia,true,Premium,09/24/2020,4184
695,Octavia Collyns,ocollynsja@angelfire.com,65,12/03/2023,Philippines,false,Basic,09/19/2020,6872
696,Jo ann Ranner,jannjb@pagesperso-orange.fr,13,05/08/2023,Moldova,false,Free,05/02/2024,2737
697,Miles Bowhay,mbowhayjc@stanford.edu,68,08/19/2025,Russia,true,Basic,06/23/2020,7541
698,Torrie Bowcock,tbowcockjd@hubpages.com,26,10/07/2021,China,true,Free,05/11/2022,7574
699,Rhodie Egiloff,regiloffje@free.fr,98,06/20/2020,China,true,Basic,05/09/2020,3024
700,Laurice Clemmens,lclemmensjf@usgs.gov,12,10/18/2020,Afghanistan,true,Premium,03/20/2023,768
701,Emlynn Ferronel,eferroneljg@nymag.com,56,11/16/2025,China,false,Basic,11/22/2020,5323
702,Lynn Dudill,ldudilljh@hibu.com,92,12/30/2025,Bolivia,true,Free,06/10/2025,8084
703,Betta Normavill,bnormavillji@paginegialle.it,28,10/11/2023,Japan,true,Premium,09/12/2020,4020
704,Christen Ivy,civyjj@nifty.com,23,08/05/2022,Japan,false,Free,11/19/2023,5825
705,Vin Crack,vcrackjk@wikispaces.com,79,05/29/2023,Ukraine,false,Free,06/04/2023,8052
706,Lionel Petheridge,lpetheridgejl@hhs.gov,98,07/21/2023,Pakistan,true,Free,11/20/2025,1922
707,Phyllis Outridge,poutridgejm@over-blog.com,87,04/03/2023,Indonesia,true,Basic,03/15/2022,6601
708,Seamus Micheau,smicheaujn@slashdot.org,38,04/25/2025,Paraguay,true,Basic,04/07/2021,3095
709,Ev Ahlf,eahlfjo@sourceforge.net,30,11/01/2021,China,true,Basic,12/15/2022,5364
710,Ashlan Lie,aliejp@mtv.com,49,02/14/2024,China,false,Free,07/15/2020,5459
711,De Fotheringham,dfotheringhamjq@engadget.com,67,04/11/2022,Macedonia,true,Free,04/21/2025,994
712,Jaine Allaker,jallakerjr@addtoany.com,85,11/06/2022,Russia,true,Basic,09/12/2023,2560
713,Leora Piggford,lpiggfordjs@blinklist.com,94,10/03/2022,Brazil,true,Free,05/29/2025,2529
714,Nerta Armiger,narmigerjt@php.net,92,06/28/2024,Russia,false,Premium,07/12/2024,1669
715,Delilah Boriston,dboristonju@ucoz.com,50,05/02/2024,Mexico,true,Free,03/28/2025,9158
716,Chic Grindall,cgrindalljv@oakley.com,32,01/08/2024,Russia,false,Free,02/24/2023,6806
717,Donnie McKmurrie,dmckmurriejw@tripod.com,63,06/04/2020,Spain,false,Basic,06/23/2025,265
718,Kalindi Crockett,kcrockettjx@mozilla.com,49,03/15/2022,Bangladesh,true,Basic,02/02/2024,9534
719,Giana Romayn,gromaynjy@wordpress.org,32,09/29/2021,Poland,false,Free,09/27/2025,4387
720,Madelle Shord,mshordjz@unesco.org,32,06/05/2020,Indonesia,true,Basic,07/20/2022,4921
721,Deirdre Gyse,dgysek0@answers.com,50,03/26/2024,China,true,Basic,07/18/2025,8792
722,Mehetabel Pedder,mpedderk1@cpanel.net,16,11/28/2024,Ukraine,true,Premium,10/31/2020,6967
723,Lib Delgado,ldelgadok2@printfriendly.com,36,02/04/2022,Indonesia,false,Basic,10/01/2021,2547
724,Ag McCurdy,amccurdyk3@bandcamp.com,50,05/07/2023,Russia,false,Premium,01/16/2023,4974
725,Perren McGucken,pmcguckenk4@nbcnews.com,23,04/26/2025,Peru,true,Basic,05/15/2021,9185
726,Cherry Cours,ccoursk5@archive.org,30,08/12/2023,Sweden,true,Free,07/13/2020,6305
727,Gal Rhodes,grhodesk6@weibo.com,81,12/24/2021,Uruguay,false,Basic,03/22/2025,8042
728,Kerrin Godber,kgodberk7@mapquest.com,60,08/18/2022,China,false,Basic,07/25/2022,3332
729,Sayre Fetherstonhaugh,sfetherstonhaughk8@wiley.com,45,07/21/2022,Japan,false,Basic,10/25/2022,7958
730,Mariquilla Froome,mfroomek9@sphinn.com,89,04/14/2022,France,true,Basic,01/24/2020,4519
731,Fritz Belli,fbellika@upenn.edu,58,03/13/2020,Czech Republic,true,Premium,10/29/2022,4134
732,Amelie Meffen,ameffenkb@acquirethisname.com,36,03/12/2025,Vietnam,false,Free,05/05/2020,7741
733,Ollie Godfray,ogodfraykc@psu.edu,96,08/15/2024,China,false,Basic,06/20/2025,239
734,Bayard Laye,blayekd@umich.edu,25,03/31/2024,Sweden,false,Premium,09/03/2022,9532
735,Lenette Melbert,lmelbertke@home.pl,23,07/05/2020,Yemen,true,Premium,11/06/2025,1777
736,Nancey Yourell,nyourellkf@webeden.co.uk,69,11/09/2021,Iran,true,Basic,04/22/2025,2984
737,Valli Gilbanks,vgilbankskg@hexun.com,97,08/03/2022,Mexico,false,Premium,11/05/2023,4237
738,Mabelle Spilling,mspillingkh@instagram.com,93,05/29/2022,China,false,Free,01/17/2023,5624
739,Isabella Barnson,ibarnsonki@drupal.org,55,02/26/2021,Poland,false,Basic,11/15/2025,2043
740,Bourke Corten,bcortenkj@123-reg.co.uk,40,04/16/2020,Bangladesh,true,Premium,02/16/2020,4708
741,Daria Farlane,dfarlanekk@mashable.com,60,02/20/2020,Guatemala,false,Premium,04/19/2020,706
742,Malory Gloucester,mgloucesterkl@ox.ac.uk,54,11/13/2023,Sweden,false,Free,01/28/2020,2183
743,Vita Alldritt,valldrittkm@google.de,100,07/14/2021,China,false,Free,07/17/2024,6592
744,Ernestine Remnant,eremnantkn@tmall.com,30,03/16/2024,Indonesia,true,Premium,05/25/2023,8573
745,Lotta Pumphreys,lpumphreysko@vistaprint.com,82,06/28/2021,Georgia,true,Premium,06/18/2024,9083
746,Minnaminnie Jirus,mjiruskp@webeden.co.uk,84,11/22/2021,Russia,false,Premium,09/28/2025,7421
747,Terra Francescone,tfrancesconekq@scientificamerican.com,68,07/07/2025,Philippines,true,Free,01/08/2023,7538
748,Mendel Tibbles,mtibbleskr@senate.gov,99,08/04/2021,Russia,true,Free,11/27/2020,5921
749,Roman Beautyman,rbeautymanks@slashdot.org,56,03/30/2025,Indonesia,false,Premium,01/30/2022,6000
750,Marrilee Brownsett,mbrownsettkt@technorati.com,25,07/29/2024,Madagascar,true,Premium,08/19/2021,9977
751,Demetris Tolland,dtollandku@engadget.com,100,04/29/2024,China,true,Free,06/19/2022,3580
752,Cortney Lapidus,clapiduskv@china.com.cn,52,08/29/2025,Denmark,false,Basic,03/24/2020,3066
753,Benedicta Corradi,bcorradikw@patch.com,97,08/03/2020,United States,false,Basic,05/06/2021,773
754,Chantal Lundbech,clundbechkx@cnet.com,44,11/15/2024,Philippines,false,Free,08/04/2022,894
755,Ivie Rentcome,irentcomeky@friendfeed.com,50,02/18/2025,China,false,Premium,12/22/2025,7517
756,Raymond McCarver,rmccarverkz@illinois.edu,94,04/24/2021,Yemen,true,Free,09/17/2025,1096
757,Ashton Hadye,ahadyel0@census.gov,61,03/21/2025,China,true,Premium,10/23/2020,305
758,Tallia Drewry,tdrewryl1@reference.com,97,09/25/2024,Canada,true,Free,05/10/2022,6490
759,Deanne Roderham,droderhaml2@ocn.ne.jp,77,10/05/2023,China,false,Premium,12/07/2021,4002
760,Kakalina Betjes,kbetjesl3@rambler.ru,60,08/10/2025,Philippines,true,Basic,11/07/2020,907
761,Kinsley Yaldren,kyaldrenl4@msn.com,81,10/29/2025,Brazil,false,Basic,01/01/2020,1217
762,Avrit Ditty,adittyl5@sitemeter.com,63,04/25/2022,Philippines,false,Free,02/16/2023,7147
763,Nonna Chittem,nchitteml6@woothemes.com,89,01/31/2025,Germany,false,Premium,10/04/2023,1418
764,Drugi Pedracci,dpedraccil7@github.io,96,10/16/2023,China,false,Free,04/11/2022,7022
765,Emmaline Andino,eandinol8@arstechnica.com,36,08/21/2024,Portugal,false,Premium,07/12/2021,8018
766,Biron Ganning,bganningl9@opera.com,22,11/28/2025,Sweden,true,Basic,03/23/2025,562
767,Dell Agg,daggla@sogou.com,52,11/26/2022,Mexico,false,Basic,04/11/2024,5178
768,Rozella Probetts,rprobettslb@si.edu,27,01/23/2024,China,true,Premium,04/05/2025,5875
769,Vale Parrett,vparrettlc@reuters.com,40,12/19/2024,Indonesia,false,Free,03/02/2023,1965
770,Laney Mebs,lmebsld@indiegogo.com,28,08/12/2024,Brazil,false,Free,03/29/2020,8285
771,Myrah Hawksby,mhawksbyle@amazon.co.uk,95,06/26/2025,Kenya,false,Premium,08/20/2021,9644
772,Kimbra Ketchen,kketchenlf@freewebs.com,13,10/05/2021,Indonesia,true,Basic,10/10/2024,3245
773,Jarred Game,jgamelg@desdev.cn,88,07/26/2020,Czech Republic,true,Basic,01/31/2025,7194
774,Shannon McGall,smcgalllh@csmonitor.com,23,09/02/2023,Serbia,true,Free,07/24/2024,8767
775,Brandie Pattie,bpattieli@twitter.com,30,08/27/2020,China,false,Basic,03/16/2025,381
776,Flynn Marde,fmardelj@booking.com,50,09/06/2022,China,true,Free,04/26/2021,6621
777,Errick Antonik,eantoniklk@php.net,60,05/27/2020,Russia,true,Free,07/14/2024,8326
778,Scotti Piaggia,spiaggiall@paypal.com,17,10/05/2020,China,false,Basic,04/28/2020,5606
779,Catrina Hurler,churlerlm@gnu.org,54,06/25/2020,Indonesia,true,Premium,02/04/2025,393
780,Bobbie Brandenberg,bbrandenbergln@people.com.cn,54,10/28/2020,Brazil,true,Free,08/12/2025,6988
781,Dixie Childes,dchildeslo@nationalgeographic.com,44,08/10/2024,Palestinian Territory,false,Free,08/23/2024,6642
782,Dacie Arend,darendlp@washingtonpost.com,45,02/01/2024,China,true,Free,10/17/2023,3157
783,Garwin Patience,gpatiencelq@last.fm,44,10/27/2022,Croatia,false,Premium,11/04/2024,6604
784,Marchall Breming,mbreminglr@blogtalkradio.com,83,03/06/2022,France,true,Basic,09/03/2024,5619
785,Kylie Sawday,ksawdayls@soundcloud.com,55,07/02/2024,Ukraine,false,Premium,06/01/2025,2208
786,Jon Gareisr,jgareisrlt@macromedia.com,20,08/06/2025,France,true,Premium,08/20/2020,5291
787,Culley Tiebe,ctiebelu@cnet.com,92,04/29/2023,Brazil,true,Free,06/25/2023,5283
788,Phyllys Howsego,phowsegolv@cnbc.com,67,04/24/2025,Slovenia,true,Basic,09/20/2024,9320
789,Garvy Batha,gbathalw@discuz.net,13,01/06/2022,Poland,false,Basic,11/23/2020,7259
790,Rudolf Faircley,rfaircleylx@arstechnica.com,40,03/11/2023,China,false,Premium,02/12/2025,6466
791,Trevar Hanselmann,thanselmannly@wordpress.com,92,08/02/2022,Indonesia,false,Basic,08/14/2023,9560
792,Randy Seid,rseidlz@123-reg.co.uk,19,08/04/2020,Russia,true,Basic,09/30/2022,7337
793,Gavin Lovstrom,glovstromm0@miitbeian.gov.cn,38,07/22/2025,Russia,true,Basic,09/30/2023,1186
794,Rosabel Le land,rlem1@aboutads.info,21,11/25/2020,China,false,Free,09/17/2024,3608
795,Arabel Musgrove,amusgrovem2@businessinsider.com,15,03/27/2021,France,false,Premium,03/17/2021,3022
796,Darla Merrison,dmerrisonm3@blogtalkradio.com,34,08/14/2022,United States,true,Free,08/08/2024,9677
797,Buddy Botfield,bbotfieldm4@dailymotion.com,36,06/24/2022,Indonesia,false,Premium,11/13/2025,5455
798,Izzy O'Donoghue,iodonoghuem5@eventbrite.com,95,05/10/2025,Indonesia,false,Basic,11/17/2021,3655
799,Lyda Lauxmann,llauxmannm6@wikimedia.org,86,06/24/2022,Moldova,true,Basic,04/20/2020,7473
800,Rouvin Baelde,rbaeldem7@photobucket.com,20,11/16/2023,Cuba,true,Premium,09/22/2024,6728
801,Fredrick Ansell,fansellm8@storify.com,36,06/05/2023,United States,false,Basic,04/27/2022,7281
802,Amalle Abrahamian,aabrahamianm9@paginegialle.it,100,07/28/2021,Indonesia,true,Basic,04/25/2021,3067
803,Krishnah Brooker,kbrookerma@bloglines.com,66,07/03/2024,Ireland,true,Premium,01/19/2020,5194
804,Dolorita Starie,dstariemb@spiegel.de,94,08/08/2022,Philippines,true,Basic,10/13/2023,4560
805,Gypsy Marde,gmardemc@smugmug.com,55,08/07/2020,Indonesia,true,Basic,02/11/2022,4547
806,Teddi Venturoli,tventurolimd@a8.net,64,04/28/2025,Czech Republic,true,Basic,11/08/2020,4960
807,Aldrich Carreck,acarreckme@dedecms.com,37,05/08/2020,China,false,Premium,04/20/2023,8546
808,Sylas Dougan,sdouganmf@independent.co.uk,64,04/18/2024,Russia,false,Free,07/20/2021,2705
809,Olwen Kerton,okertonmg@facebook.com,94,06/30/2022,Egypt,false,Free,11/18/2023,1203
810,Ella Panswick,epanswickmh@facebook.com,29,05/28/2025,Indonesia,false,Free,01/26/2021,946
811,Eustace Kimber,ekimbermi@businesswire.com,53,11/05/2024,China,true,Basic,08/01/2022,5797
812,Denyse Davidovicz,ddavidoviczmj@cafepress.com,55,05/30/2023,Sweden,false,Basic,12/24/2024,7965
813,Nina Le - Count,nlemk@blinklist.com,70,03/26/2022,Ghana,true,Free,06/15/2024,4001
814,Sergent Cantopher,scantopherml@epa.gov,25,12/16/2022,Russia,true,Premium,02/29/2024,3653
815,Sherlocke Bullers,sbullersmm@1und1.de,59,06/10/2024,Paraguay,true,Premium,04/28/2022,2966
816,Erminia Skews,eskewsmn@businessweek.com,79,08/06/2022,Russia,false,Premium,08/29/2023,8275
817,Cecile Lappin,clappinmo@tiny.cc,68,04/20/2020,Morocco,true,Free,07/19/2024,52
818,Brittney Millom,bmillommp@nps.gov,39,03/07/2020,Poland,false,Basic,07/10/2025,9347
819,Janeen Tutton,jtuttonmq@unesco.org,65,06/21/2020,France,false,Basic,03/30/2023,7956
820,Liv Scrinage,lscrinagemr@ask.com,58,02/03/2023,Russia,true,Basic,01/22/2020,4061
821,Richardo Wilstead,rwilsteadms@toplist.cz,42,12/25/2021,Argentina,false,Free,05/12/2023,3884
822,Laurence Rayburn,lrayburnmt@usgs.gov,85,02/13/2024,Indonesia,true,Free,02/04/2022,8817
823,Eran Haresign,eharesignmu@weebly.com,45,08/02/2025,Colombia,false,Free,01/28/2023,827
824,Ezechiel Ierland,eierlandmv@mashable.com,62,11/12/2020,China,false,Basic,09/04/2022,3200
825,Dennie Raiston,draistonmw@thetimes.co.uk,13,08/19/2020,American Samoa,true,Free,06/20/2021,9378
826,Taryn Daltrey,tdaltreymx@creativecommons.org,94,09/04/2020,Indonesia,false,Basic,03/31/2021,3907
827,Scotti Whitely,swhitelymy@comcast.net,88,10/25/2025,Antigua and Barbuda,false,Premium,12/22/2023,5065
828,Drusie Botright,dbotrightmz@elpais.com,55,04/10/2023,Indonesia,true,Premium,03/05/2024,1975
829,Berny Sowte,bsowten0@wikia.com,13,07/17/2025,Mauritania,true,Free,10/26/2020,1735
830,Lacey Markwell,lmarkwelln1@sun.com,57,07/19/2023,Peru,true,Basic,11/29/2022,2183
831,Gertruda Paniman,gpanimann2@mit.edu,79,09/29/2022,Germany,false,Premium,10/08/2020,8032
832,Mick Colebrook,mcolebrookn3@lulu.com,99,09/10/2021,Ukraine,true,Basic,01/01/2023,3322
833,Bail McComiskey,bmccomiskeyn4@bloomberg.com,70,11/25/2023,Iran,false,Free,06/04/2023,1623
834,Sydney Lemasney,slemasneyn5@example.com,70,10/25/2022,Philippines,false,Premium,05/25/2022,9956
835,Marshal Hugues,mhuguesn6@mail.ru,16,08/18/2024,China,true,Premium,08/06/2020,4037
836,Louise Shepley,lshepleyn7@hexun.com,28,01/31/2021,Uganda,false,Free,03/31/2020,6191
837,Rodolph De Angelis,rden8@utexas.edu,29,01/24/2024,Portugal,true,Premium,07/17/2022,6163
838,Brendon Senner,bsennern9@accuweather.com,27,10/27/2025,Philippines,false,Free,02/21/2023,9845
839,Natala Padkin,npadkinna@dagondesign.com,73,01/16/2022,China,false,Premium,12/26/2020,4279
840,Friedrick Garn,fgarnnb@xrea.com,72,06/27/2023,Venezuela,false,Basic,11/10/2021,5875
841,Cassandry Mouncher,cmounchernc@canalblog.com,76,02/26/2023,Russia,true,Free,01/21/2022,8822
842,Gregorio Ibbett,gibbettnd@prweb.com,61,06/24/2023,Indonesia,true,Basic,02/03/2021,684
843,Dalila Ambroix,dambroixne@netlog.com,25,06/15/2023,Russia,false,Free,12/18/2022,2462
844,Vasily Kissock,vkissocknf@sun.com,27,08/07/2022,Portugal,false,Premium,03/20/2020,3518
845,Renelle Blanc,rblancng@wsj.com,47,06/13/2021,Vietnam,true,Free,07/13/2024,9882
846,Griffin Kinde,gkindenh@1688.com,44,10/06/2024,Mexico,false,Premium,08/18/2024,7471
847,Tilly Govan,tgovanni@theguardian.com,24,02/03/2022,Philippines,true,Basic,12/09/2021,6273
848,Lindie Smyley,lsmyleynj@mtv.com,65,08/19/2021,Philippines,true,Basic,01/02/2022,4424
849,Katey Grugerr,kgrugerrnk@ted.com,64,06/16/2025,Philippines,true,Basic,05/26/2021,9842
850,Gradey Mattin,gmattinnl@imgur.com,94,11/07/2020,Poland,false,Basic,09/12/2022,3473
851,Allie Stirrip,astirripnm@nbcnews.com,40,09/20/2022,Portugal,true,Free,03/05/2024,4580
852,Isadora Boscher,iboschernn@washingtonpost.com,46,11/14/2025,Indonesia,false,Free,03/02/2025,4995
853,Sashenka Duesberry,sduesberryno@netlog.com,67,04/19/2025,South Korea,true,Premium,08/03/2021,8848
854,Calvin Synke,csynkenp@ovh.net,20,05/30/2023,Afghanistan,false,Premium,09/09/2024,8701
855,Boonie Freddi,bfreddinq@joomla.org,84,06/26/2025,Greece,true,Basic,12/31/2021,2267
856,Otha Letts,olettsnr@booking.com,69,05/29/2021,France,false,Free,03/24/2022,5703
857,Ollie Klossmann,oklossmannns@addtoany.com,54,11/19/2025,Japan,true,Premium,11/01/2023,8855
858,Fan Akrigg,fakriggnt@biblegateway.com,18,03/01/2022,Philippines,false,Premium,04/04/2023,9266
859,Amberly Bliss,ablissnu@ehow.com,86,03/20/2023,Poland,false,Basic,12/08/2025,7330
860,Lewie Shory,lshorynv@bbc.co.uk,73,05/12/2021,Russia,false,Basic,02/22/2025,9039
861,Benetta McCromley,bmccromleynw@free.fr,61,06/23/2024,Indonesia,true,Basic,12/13/2023,8264
862,Reinald Rogerot,rrogerotnx@opera.com,76,01/08/2025,Portugal,true,Basic,07/18/2025,192
863,Rhoda Gallagher,rgallagherny@stumbleupon.com,68,10/11/2020,Indonesia,true,Free,09/05/2021,2382
864,Sansone Giacovazzo,sgiacovazzonz@rediff.com,42,05/28/2021,France,true,Basic,11/28/2020,1975
865,Clem Petrusch,cpetruscho0@ibm.com,18,05/28/2023,Brazil,true,Free,11/23/2020,9013
866,Ursola Aimson,uaimsono1@free.fr,31,11/27/2020,Indonesia,false,Premium,01/11/2022,6733
867,Filip Kollatsch,fkollatscho2@walmart.com,40,12/05/2022,Philippines,true,Free,11/22/2021,3613
868,Ozzie Garrattley,ogarrattleyo3@nytimes.com,90,02/11/2023,Bangladesh,false,Premium,11/03/2025,3593
869,Stewart Womack,swomacko4@huffingtonpost.com,52,04/06/2022,North Korea,false,Premium,09/03/2023,4209
870,Jaime McRory,jmcroryo5@dmoz.org,79,10/03/2022,Ethiopia,true,Basic,10/22/2020,2935
871,Belvia Kenny,bkennyo6@wix.com,42,09/01/2020,Indonesia,true,Basic,05/02/2025,4520
872,Marsh Kipping,mkippingo7@fda.gov,45,06/01/2021,Gabon,true,Basic,07/19/2023,3287
873,Isidora Dunguy,idunguyo8@paypal.com,20,11/07/2025,Serbia,true,Free,01/13/2025,270
874,Lucias Pople,lpopleo9@ning.com,78,11/11/2021,Norway,true,Premium,09/29/2021,4790
875,Maurita Peasee,mpeaseeoa@goo.gl,79,01/09/2023,Russia,false,Basic,05/09/2022,70
876,Yvonne McGarry,ymcgarryob@symantec.com,81,06/12/2024,Belarus,false,Basic,07/08/2020,5677
877,Ofella Keddey,okeddeyoc@soup.io,61,10/14/2024,Russia,true,Premium,12/02/2025,4573
878,Karoly Zannutti,kzannuttiod@ovh.net,60,06/23/2022,Bangladesh,true,Premium,02/28/2025,4870
879,Gianna Dimnage,gdimnageoe@pinterest.com,83,01/28/2021,Czech Republic,false,Free,08/23/2024,4550
880,Vic Kuhl,vkuhlof@webs.com,39,04/14/2021,China,false,Free,01/12/2024,4892
881,Devonna Crowe,dcroweog@japanpost.jp,87,07/27/2023,Kazakhstan,false,Free,04/18/2022,1115
882,Richy Hannen,rhannenoh@w3.org,42,02/05/2023,Brazil,true,Basic,07/06/2021,58
883,Trent Onians,toniansoi@hao123.com,26,03/06/2022,China,false,Free,06/09/2022,9362
884,Drake Padgham,dpadghamoj@chicagotribune.com,34,12/17/2022,Bangladesh,false,Basic,06/07/2023,2542
885,Marisa Wait,mwaitok@1und1.de,80,01/21/2024,Brazil,true,Premium,03/12/2025,9425
886,Hetty Bocken,hbockenol@de.vu,40,04/18/2024,Colombia,false,Basic,11/04/2024,6243
887,Dana Harkin,dharkinom@skype.com,47,09/28/2022,China,false,Basic,01/28/2023,8360
888,Kaitlynn Brownsett,kbrownsetton@spiegel.de,60,09/11/2025,China,false,Basic,09/04/2024,4696
889,Mohandis Search,msearchoo@boston.com,74,11/23/2025,Jamaica,false,Premium,04/16/2020,7534
890,Kaleb Prisley,kprisleyop@oracle.com,62,06/18/2023,Greece,false,Premium,06/18/2022,1511
891,Anatollo Davidek,adavidekoq@ftc.gov,48,02/10/2020,Albania,true,Premium,04/30/2025,6367
892,Chiarra Moxley,cmoxleyor@sina.com.cn,57,01/15/2021,China,true,Basic,01/09/2022,8597
893,Cindelyn Munroe,cmunroeos@lulu.com,42,04/06/2021,Tunisia,false,Free,07/17/2022,1512
894,Fergus Sainthill,fsainthillot@europa.eu,24,12/13/2020,Portugal,false,Premium,11/04/2023,2698
895,Patrizius Roseman,prosemanou@nasa.gov,65,03/26/2025,Russia,false,Free,12/19/2021,332
896,Francesca Dickings,fdickingsov@artisteer.com,65,08/01/2020,Peru,false,Basic,05/23/2023,3756
897,Lib McSparran,lmcsparranow@accuweather.com,23,05/20/2020,Jordan,false,Premium,04/28/2022,3766
898,Agnella Bodechon,abodechonox@homestead.com,70,04/09/2024,Indonesia,false,Free,10/29/2024,6990
899,Pren Mechic,pmechicoy@engadget.com,49,05/29/2024,Russia,true,Premium,11/10/2020,449
900,Paula Bollam,pbollamoz@jigsy.com,43,07/01/2024,China,false,Free,09/13/2025,9198
901,Auria Kivell,akivellp0@bizjournals.com,16,07/31/2020,Marshall Islands,true,Free,08/18/2021,7587
902,Cornie Rhoddie,crhoddiep1@google.co.uk,64,12/21/2024,Mexico,false,Basic,07/14/2024,7477
903,Caleb Barkes,cbarkesp2@dropbox.com,25,01/08/2020,Egypt,true,Basic,12/25/2024,4867
904,Kareem Dearth,kdearthp3@yelp.com,78,11/30/2024,Brazil,true,Free,10/25/2020,1326
905,Jacklin Dimberline,jdimberlinep4@engadget.com,87,09/25/2025,Philippines,false,Basic,04/19/2022,2892
906,Nisse McLarnon,nmclarnonp5@msn.com,92,11/03/2021,Bahrain,false,Basic,04/25/2022,3576
907,Peg Terzi,pterzip6@gnu.org,44,10/03/2020,Sweden,false,Free,09/23/2021,8779
908,Silvia Fortesquieu,sfortesquieup7@dailymail.co.uk,68,04/29/2024,China,true,Premium,11/02/2023,4568
909,Shepherd Minter,sminterp8@icio.us,36,01/24/2025,China,true,Premium,09/08/2022,8995
910,Lyn Filliskirk,lfilliskirkp9@vistaprint.com,39,02/01/2022,Indonesia,false,Basic,05/09/2025,2950
911,Berni Blockley,bblockleypa@ucla.edu,82,08/11/2020,China,false,Basic,07/24/2021,3439
912,Emmy Campanelle,ecampanellepb@usatoday.com,33,12/06/2025,China,true,Basic,04/10/2023,6262
913,Odette Tarbin,otarbinpc@msu.edu,90,05/10/2021,Argentina,false,Premium,01/03/2025,6121
914,Sibby Starr,sstarrpd@cbslocal.com,86,12/19/2022,Greece,true,Basic,07/20/2021,4492
915,Lalo Wainscoat,lwainscoatpe@kickstarter.com,96,05/13/2020,Palestinian Territory,true,Free,04/11/2024,7133
916,Darya Kayne,dkaynepf@ftc.gov,50,12/19/2025,Russia,false,Basic,05/01/2022,8731
917,Joaquin Round,jroundpg@gov.uk,78,06/21/2021,Kenya,false,Free,05/19/2020,549
918,Delcina Emblem,demblemph@digg.com,33,06/02/2024,China,false,Basic,06/06/2025,8724
919,Miran Ethelstone,methelstonepi@cisco.com,38,06/13/2021,Kosovo,false,Basic,10/24/2020,2937
920,Danny Chaloner,dchalonerpj@ehow.com,46,04/02/2022,New Zealand,false,Premium,03/16/2023,1674
921,Hubey Habbon,hhabbonpk@mapquest.com,26,07/11/2021,Indonesia,true,Premium,10/07/2025,887
922,Lidia Mogie,lmogiepl@uol.com.br,91,10/02/2023,Hungary,true,Basic,05/02/2024,1143
923,Janis Yeowell,jyeowellpm@nationalgeographic.com,28,07/31/2023,China,false,Free,05/07/2021,5137
924,Alexi Gowdridge,agowdridgepn@utexas.edu,37,09/05/2020,China,false,Free,10/16/2025,2417
925,Consolata Hairyes,chairyespo@constantcontact.com,49,10/11/2020,Russia,true,Basic,05/04/2024,684
926,Staford Lerer,slererpp@a8.net,66,04/05/2021,Indonesia,true,Premium,09/09/2025,1336
927,Irena Caulkett,icaulkettpq@hibu.com,29,08/07/2020,China,true,Free,06/21/2024,4945
928,Brandyn Dumbare,bdumbarepr@tuttocitta.it,36,09/13/2024,China,true,Basic,05/27/2021,8821
929,Abbie Laviste,alavisteps@nba.com,49,02/02/2023,United States,true,Free,12/17/2023,3195
930,Tulley Downey,tdowneypt@spotify.com,58,08/31/2024,China,false,Premium,09/22/2021,1544
931,Hester De la Yglesias,hdepu@odnoklassniki.ru,71,07/15/2020,Sweden,true,Basic,06/14/2025,8951
932,Christie Brenston,cbrenstonpv@samsung.com,79,04/22/2021,Indonesia,true,Basic,11/25/2023,1810
933,Annabelle Hutchison,ahutchisonpw@prlog.org,53,07/19/2022,Poland,true,Basic,10/07/2021,379
934,Shandy Viger,svigerpx@about.me,44,03/25/2020,Russia,false,Premium,05/05/2022,3153
935,Ozzy Mousdall,omousdallpy@microsoft.com,71,07/05/2023,Indonesia,false,Free,09/19/2020,9174
936,Dolli Ditts,ddittspz@yelp.com,51,12/24/2020,China,true,Premium,05/25/2021,5753
937,Misti Blamphin,mblamphinq0@liveinternet.ru,16,10/30/2020,China,true,Basic,02/15/2020,4388
938,Jonie Howard,jhowardq1@mail.ru,43,09/07/2022,Thailand,false,Basic,09/09/2025,1247
939,Rasia Gemmill,rgemmillq2@microsoft.com,77,04/30/2024,Argentina,false,Premium,06/18/2023,7850
940,Marna Hugnot,mhugnotq3@amazon.de,81,08/11/2022,Russia,false,Premium,08/20/2020,8146
941,Ddene Glendza,dglendzaq4@oaic.gov.au,81,03/14/2021,Portugal,false,Free,01/25/2021,8608
942,Florette Eglin,feglinq5@sogou.com,73,11/18/2021,Croatia,false,Basic,08/20/2020,1416
943,Miquela Reisin,mreisinq6@printfriendly.com,12,04/03/2021,Sweden,true,Free,09/11/2024,1670
944,Margie Lowrie,mlowrieq7@umich.edu,89,11/05/2022,Indonesia,true,Free,11/23/2025,4369
945,Hill Anneslie,hanneslieq8@opensource.org,24,12/15/2025,Japan,false,Free,04/15/2020,8476
946,Blondy Hoyland,bhoylandq9@cisco.com,66,04/03/2020,Poland,true,Basic,11/09/2025,2017
947,Nathaniel Carsey,ncarseyqa@cornell.edu,19,04/02/2022,Israel,false,Premium,10/23/2023,6745
948,Renault Aizkovitch,raizkovitchqb@state.gov,29,07/06/2023,Norway,true,Basic,10/15/2022,7662
949,Mahmoud Bradnick,mbradnickqc@amazon.co.uk,74,07/13/2024,United States,false,Basic,04/17/2023,531
950,Hazel Jaycock,hjaycockqd@shutterfly.com,31,05/28/2023,Indonesia,true,Premium,12/02/2020,6062
951,Eleen Kendrick,ekendrickqe@lulu.com,24,09/15/2022,Brazil,false,Premium,05/20/2021,4534
952,Vanya Pass,vpassqf@ucoz.com,27,03/22/2024,Syria,false,Free,03/30/2025,199
953,Urbano Lambdin,ulambdinqg@wordpress.com,69,10/09/2020,Ethiopia,true,Basic,03/25/2024,6034
954,Happy Branchett,hbranchettqh@weebly.com,55,03/19/2020,Japan,false,Basic,11/17/2024,8191
955,Dehlia Setter,dsetterqi@thetimes.co.uk,36,05/23/2021,China,true,Free,02/20/2024,2732
956,Kelly O'Scollain,koscollainqj@newsvine.com,53,07/28/2024,Nicaragua,true,Premium,08/07/2024,1584
957,Natalina Beauman,nbeaumanqk@list-manage.com,28,05/25/2023,Russia,true,Free,08/31/2025,1478
958,Roselle McFee,rmcfeeql@merriam-webster.com,29,01/16/2022,Poland,false,Premium,07/23/2023,1938
959,Modesta Bulmer,mbulmerqm@cpanel.net,79,04/08/2025,China,false,Free,06/15/2022,622
960,Kerrill Gostling,kgostlingqn@japanpost.jp,20,03/19/2020,Indonesia,true,Free,01/02/2023,4001
961,Meridith Wear,mwearqo@ca.gov,78,10/13/2025,Honduras,false,Basic,06/20/2025,8423
962,Bernardine Jenkison,bjenkisonqp@github.com,19,08/04/2025,Brazil,false,Basic,08/20/2025,9385
963,Doralyn Cruxton,dcruxtonqq@webeden.co.uk,41,12/05/2020,China,true,Basic,03/03/2025,2694
964,Starlin Reboul,sreboulqr@wired.com,26,06/13/2022,United States,true,Premium,12/06/2022,5055
965,Gipsy Scotti,gscottiqs@imdb.com,32,06/25/2020,Czech Republic,false,Basic,04/20/2020,4798
966,Ursola Thoresby,uthoresbyqt@tripadvisor.com,66,06/20/2023,Argentina,false,Basic,08/30/2025,6102
967,Christoper Stobart,cstobartqu@techcrunch.com,23,03/18/2022,Thailand,true,Free,05/24/2022,4424
968,Giustino Fallen,gfallenqv@people.com.cn,76,05/16/2021,China,true,Premium,11/30/2020,9973
969,Luce Pelerin,lpelerinqw@sina.com.cn,78,03/10/2020,Portugal,false,Free,04/18/2024,9283
970,Lukas Weathey,lweatheyqx@indiatimes.com,56,07/04/2023,Portugal,false,Basic,12/12/2020,3316
971,Udale Hebner,uhebnerqy@google.es,18,08/29/2023,Russia,true,Free,09/16/2022,8804
972,Katusha Matschoss,kmatschossqz@photobucket.com,20,11/05/2020,Russia,false,Free,08/04/2021,9015
973,Trevor Plowright,tplowrightr0@mail.ru,21,07/11/2021,Dominican Republic,true,Basic,03/03/2020,9946
974,Brendin De Roeck,bder1@macromedia.com,30,03/11/2023,Portugal,false,Premium,03/25/2024,8795
975,Dennet Thorwarth,dthorwarthr2@seattletimes.com,55,11/04/2021,Germany,true,Free,02/01/2024,6917
976,Corbett Jeffry,cjeffryr3@google.nl,85,06/20/2022,China,true,Premium,07/28/2024,8644
977,Sidonia Schoenleiter,sschoenleiterr4@apache.org,60,11/19/2021,Egypt,false,Basic,03/05/2020,5856
978,Corina Toppin,ctoppinr5@umich.edu,99,02/16/2023,Peru,true,Basic,04/07/2020,888
979,Stanfield Pfeifer,spfeiferr6@google.ca,71,06/12/2025,China,false,Basic,12/15/2025,9956
980,Netti MacEvilly,nmacevillyr7@twitter.com,49,02/22/2025,Afghanistan,true,Basic,01/01/2021,7335
981,Georgeanna Comport,gcomportr8@plala.or.jp,95,08/28/2022,Indonesia,false,Basic,10/31/2021,4757
982,Kameko Kirley,kkirleyr9@skyrock.com,55,04/26/2025,Indonesia,false,Premium,10/05/2020,6264
983,Callie Fretwell,cfretwellra@google.ca,52,02/17/2020,Brazil,false,Basic,12/03/2023,7352
984,Peyter Winterbottom,pwinterbottomrb@ycombinator.com,52,12/30/2025,Indonesia,false,Basic,12/29/2024,3792
985,Damita De Filippo,dderc@elpais.com,39,12/04/2023,China,false,Basic,12/16/2022,9202
986,Cam Springford,cspringfordrd@google.com.au,45,04/01/2025,France,true,Basic,01/07/2023,9371
987,Brien Sandeland,bsandelandre@webeden.co.uk,34,09/20/2020,China,true,Basic,06/12/2024,8092
988,Aila Bardey,abardeyrf@weibo.com,71,03/24/2024,France,false,Free,01/28/2024,2042
989,Allix Duxfield,aduxfieldrg@topsy.com,35,10/25/2025,China,true,Premium,08/27/2023,188
990,Ichabod Coucher,icoucherrh@earthlink.net,36,04/28/2024,Poland,false,Basic,11/01/2021,2769
991,Joshua Dearn,jdearnri@google.nl,50,12/27/2024,Egypt,true,Premium,11/22/2023,2973
992,Cecilla Meffin,cmeffinrj@cnbc.com,44,07/27/2023,China,true,Premium,06/21/2023,1815
993,Chris Spehr,cspehrrk@yandex.ru,91,11/04/2022,China,true,Premium,04/13/2025,5437
994,Clare Trout,ctroutrl@sun.com,67,11/27/2021,Colombia,true,Premium,09/29/2023,7948
995,Saxe Perin,sperinrm@boston.com,67,10/25/2024,Colombia,true,Basic,04/29/2020,587
996,Rorke Comer,rcomerrn@nhs.uk,87,04/10/2024,China,false,Premium,04/13/2023,554
997,Vanya Ginger,vgingerro@guardian.co.uk,52,06/09/2022,Peru,true,Free,01/02/2022,1434
998,Leonerd Alexsandrowicz,lalexsandrowiczrp@yale.edu,48,10/24/2023,El Salvador,true,Basic,01/06/2022,7168
999,Hayyim Drage,hdragerq@ebay.co.uk,33,10/03/2023,China,false,Free,11/20/2024,6341
1000,Opalina Davidek,odavidekrr@discovery.com,21,12/12/2021,France,false,Basic,06/06/2024,7641
